split,file,class_id,x_center,y_center,width,height,area
train,img-100_jpg.rf.233751cac3399aa80b5e58a2afbb753a.txt,0,0.46319444444444446,0.45694444444444443,0.2763888888888889,0.16111111111111112,0.044529320987654324
train,img-101_jpg.rf.f213d98946c4f8858a5bf3200c89e39c.txt,0,0.4305555555555556,0.5090277777777777,0.23055555555555557,0.17916666666666667,0.04130787037037037
train,img-101_jpg.rf.f213d98946c4f8858a5bf3200c89e39c.txt,0,0.6590277777777778,0.5041666666666667,0.21805555555555556,0.13055555555555556,0.028468364197530866
train,img-102_jpg.rf.16c56ff8f761aec963d9b57aa1b2d3fd.txt,0,0.5,0.5513888888888889,0.3638888888888889,0.4222222222222222,0.15364197530864196
train,img-103_jpg.rf.09abf1a8e3477718e143255af3534d29.txt,0,0.5145833333333333,0.4270833333333333,0.2986111111111111,0.1597222222222222,0.047694830246913573
train,img-108_jpg.rf.a35e86abc558a98f252bfc10e49fd6d9.txt,0,0.4930555555555556,0.3625,0.2388888888888889,0.17777777777777778,0.04246913580246914
train,img-108_jpg.rf.a35e86abc558a98f252bfc10e49fd6d9.txt,0,0.3715277777777778,0.4076388888888889,0.10138888888888889,0.09305555555555556,0.00943479938271605
train,img-108_jpg.rf.a35e86abc558a98f252bfc10e49fd6d9.txt,0,0.7520833333333333,0.28055555555555556,0.08194444444444444,0.044444444444444446,0.0036419753086419752
train,img-108_jpg.rf.a35e86abc558a98f252bfc10e49fd6d9.txt,0,0.45,0.8791666666666667,0.1638888888888889,0.16944444444444445,0.02777006172839506
train,img-108_jpg.rf.a35e86abc558a98f252bfc10e49fd6d9.txt,0,0.9652777777777778,0.7104166666666667,0.06666666666666667,0.0875,0.005833333333333333
train,img-109_jpg.rf.add373710d0d425bd9340c33878e7d42.txt,0,0.5458333333333333,0.40208333333333335,0.15833333333333333,0.12916666666666668,0.02045138888888889
train,img-109_jpg.rf.add373710d0d425bd9340c33878e7d42.txt,0,0.5097222222222222,0.6166666666666667,0.2388888888888889,0.23055555555555557,0.05507716049382717
train,img-109_jpg.rf.add373710d0d425bd9340c33878e7d42.txt,0,0.1986111111111111,0.6583333333333333,0.23333333333333334,0.13055555555555556,0.030462962962962966
train,img-10_jpg.rf.eaceaaa6f119cf6eb49edc1bc92efaa2.txt,0,0.5048611111111111,0.39375,0.22083333333333333,0.19583333333333333,0.04324652777777777
train,img-110_jpg.rf.0390f81a2c5b2ad5676a8eb5b043d743.txt,0,0.5972222222222222,0.48541666666666666,0.575,0.16805555555555557,0.09663194444444445
train,img-110_jpg.rf.0390f81a2c5b2ad5676a8eb5b043d743.txt,0,0.18055555555555555,0.27291666666666664,0.1361111111111111,0.0375,0.005104166666666666
train,img-111_jpg.rf.d7e58630e249c45d8c1d564d847dc236.txt,0,0.5277777777777778,0.4041666666666667,0.12222222222222222,0.075,0.009166666666666667
train,img-111_jpg.rf.d7e58630e249c45d8c1d564d847dc236.txt,0,0.4423611111111111,0.5458333333333333,0.22916666666666666,0.2111111111111111,0.04837962962962963
train,img-111_jpg.rf.d7e58630e249c45d8c1d564d847dc236.txt,0,0.07013888888888889,0.7520833333333333,0.1125,0.1486111111111111,0.01671875
train,img-113_jpg.rf.31b41591a5e0c7b0aa02e133e79e1e2a.txt,0,0.47430555555555554,0.41597222222222224,0.7013888888888888,0.44027777777777777,0.30880594135802464
train,img-114_jpg.rf.b58901654a45a559a41ffaa25f1bf741.txt,0,0.4666666666666667,0.43819444444444444,0.18333333333333332,0.15694444444444444,0.028773148148148145
train,img-115_jpg.rf.ebc1ec2d7bb5caf80d06511d74f9e2da.txt,0,0.4736111111111111,0.46319444444444446,0.3111111111111111,0.16527777777777777,0.05141975308641975
train,img-117_jpg.rf.56a7e3b29e60b28e25b3f4a3c7817605.txt,0,0.4736111111111111,0.5451388888888888,0.17222222222222222,0.34305555555555556,0.05908179012345679
train,img-117_jpg.rf.56a7e3b29e60b28e25b3f4a3c7817605.txt,0,0.45,0.09305555555555556,0.15,0.05277777777777778,0.007916666666666666
train,img-119_jpg.rf.5df904c99a0e765190d9421a4bf04bc6.txt,0,0.40347222222222223,0.41597222222222224,0.2875,0.24583333333333332,0.07067708333333332
train,img-119_jpg.rf.5df904c99a0e765190d9421a4bf04bc6.txt,0,0.30833333333333335,0.9131944444444444,0.21944444444444444,0.17083333333333334,0.037488425925925925
train,img-11_jpg.rf.b7a2e18571a53d7512f101f224b7c794.txt,0,0.47708333333333336,0.5083333333333333,0.3375,0.3388888888888889,0.11437500000000002
train,img-121_jpg.rf.d202af2960b0bb1928539a6fcb3cdbfd.txt,0,0.3388888888888889,0.4027777777777778,0.2388888888888889,0.16944444444444445,0.0404783950617284
train,img-121_jpg.rf.d202af2960b0bb1928539a6fcb3cdbfd.txt,0,0.5319444444444444,0.6340277777777777,0.31666666666666665,0.24861111111111112,0.07872685185185185
train,img-121_jpg.rf.d202af2960b0bb1928539a6fcb3cdbfd.txt,0,0.7645833333333333,0.7319444444444444,0.07916666666666666,0.08333333333333333,0.006597222222222221
train,img-123_jpg.rf.8ae4c2726246a3dea5d41f6ba3a64639.txt,0,0.7625,0.48680555555555555,0.25277777777777777,0.23472222222222222,0.05933256172839506
train,img-124_jpg.rf.fdc89fc9a29a16b57ad54dd3c63e7952.txt,0,0.30277777777777776,0.0763888888888889,0.1388888888888889,0.06666666666666667,0.009259259259259259
train,img-124_jpg.rf.fdc89fc9a29a16b57ad54dd3c63e7952.txt,0,0.4965277777777778,0.5041666666666667,0.4041666666666667,0.35555555555555557,0.14370370370370372
train,img-124_jpg.rf.fdc89fc9a29a16b57ad54dd3c63e7952.txt,0,0.7145833333333333,0.5395833333333333,0.16527777777777777,0.16805555555555557,0.027775848765432102
train,img-124_jpg.rf.fdc89fc9a29a16b57ad54dd3c63e7952.txt,0,0.7395833333333334,0.3215277777777778,0.05694444444444444,0.04027777777777778,0.0022935956790123458
train,img-124_jpg.rf.fdc89fc9a29a16b57ad54dd3c63e7952.txt,0,0.7805555555555556,0.12291666666666666,0.12222222222222222,0.15694444444444444,0.019182098765432098
train,img-124_jpg.rf.fdc89fc9a29a16b57ad54dd3c63e7952.txt,0,0.14444444444444443,0.2951388888888889,0.125,0.08194444444444444,0.010243055555555556
train,img-124_jpg.rf.fdc89fc9a29a16b57ad54dd3c63e7952.txt,0,0.3527777777777778,0.016666666666666666,0.05,0.03333333333333333,0.0016666666666666668
train,img-126_jpg.rf.eab9b684c8570533e5cd43517776eeec.txt,0,0.4756944444444444,0.4847222222222222,0.3263888888888889,0.18333333333333332,0.05983796296296296
train,img-126_jpg.rf.eab9b684c8570533e5cd43517776eeec.txt,0,0.7201388888888889,0.24722222222222223,0.1125,0.08888888888888889,0.01
train,img-126_jpg.rf.eab9b684c8570533e5cd43517776eeec.txt,0,0.03263888888888889,0.30694444444444446,0.06527777777777778,0.03611111111111111,0.002357253086419753
train,img-127_jpg.rf.cda9134fdf2c217082118b38d27fd7ee.txt,0,0.6194444444444445,0.4875,0.25,0.12777777777777777,0.03194444444444444
train,img-127_jpg.rf.cda9134fdf2c217082118b38d27fd7ee.txt,0,0.3784722222222222,0.5125,0.14583333333333334,0.11388888888888889,0.0166087962962963
train,img-127_jpg.rf.cda9134fdf2c217082118b38d27fd7ee.txt,0,0.5715277777777777,0.6715277777777777,0.25416666666666665,0.1875,0.04765625
train,img-128_jpg.rf.6d1435fcdbcb19d4ff22f1d865026470.txt,0,0.4888888888888889,0.4166666666666667,0.23333333333333334,0.2722222222222222,0.06351851851851852
train,img-129_jpg.rf.fbd5c4841019062274b4e9d1daeab4c3.txt,0,0.41458333333333336,0.45625,0.14305555555555555,0.12361111111111112,0.017683256172839504
train,img-129_jpg.rf.fbd5c4841019062274b4e9d1daeab4c3.txt,0,0.5236111111111111,0.5604166666666667,0.1361111111111111,0.07361111111111111,0.01001929012345679
train,img-12_jpg.rf.473a95f653f8c7227e4bc5c73f8ed19b.txt,0,0.5631944444444444,0.7013888888888888,0.35694444444444445,0.36944444444444446,0.13187114197530866
train,img-131_jpg.rf.6bc87513d54494e92b56968b81d290b5.txt,0,0.4465277777777778,0.5916666666666667,0.14305555555555555,0.12222222222222222,0.017484567901234566
train,img-134_jpg.rf.833f57b2c592a23189208dcb656eaaa2.txt,0,0.4930555555555556,0.46597222222222223,0.18333333333333332,0.1736111111111111,0.0318287037037037
train,img-134_jpg.rf.833f57b2c592a23189208dcb656eaaa2.txt,0,0.23472222222222222,0.1111111111111111,0.125,0.1111111111111111,0.013888888888888888
train,img-135_jpg.rf.5f0fb06ed79bee89c8378fc74adf59ec.txt,0,0.46319444444444446,0.5416666666666666,0.5152777777777777,0.2722222222222222,0.14027006172839504
train,img-135_jpg.rf.5f0fb06ed79bee89c8378fc74adf59ec.txt,0,0.7854166666666667,0.6513888888888889,0.14583333333333334,0.10833333333333334,0.015798611111111114
train,img-135_jpg.rf.5f0fb06ed79bee89c8378fc74adf59ec.txt,0,0.8548611111111111,0.13402777777777777,0.2875,0.12361111111111112,0.03553819444444444
train,img-135_jpg.rf.5f0fb06ed79bee89c8378fc74adf59ec.txt,0,0.43194444444444446,0.3104166666666667,0.11666666666666667,0.06805555555555555,0.007939814814814814
train,img-136_jpg.rf.3372e97742e4ded8b208f90043981012.txt,0,0.4777777777777778,0.45069444444444445,0.1527777777777778,0.17916666666666667,0.027372685185185187
train,img-137_jpg.rf.5c3cf778bb884760e276baacc8372f66.txt,0,0.5263888888888889,0.4847222222222222,0.225,0.19722222222222222,0.044375
train,img-138_jpg.rf.ec6549719f138be69aa49f6cdc068227.txt,0,0.5277777777777778,0.4708333333333333,0.15833333333333333,0.07777777777777778,0.012314814814814815
train,img-139_jpg.rf.af2a2cdcef3c3e01d9ad30e9f058e93e.txt,0,0.4895833333333333,0.4548611111111111,0.20972222222222223,0.19027777777777777,0.03990547839506173
train,img-13_jpg.rf.a4db51428d0461f9ed82e12eb6d87a03.txt,0,0.38472222222222224,0.49930555555555556,0.3277777777777778,0.2013888888888889,0.06601080246913581
train,img-13_jpg.rf.a4db51428d0461f9ed82e12eb6d87a03.txt,0,0.5319444444444444,0.2548611111111111,0.3194444444444444,0.09583333333333334,0.030613425925925926
train,img-13_jpg.rf.a4db51428d0461f9ed82e12eb6d87a03.txt,0,0.7513888888888889,0.0625,0.14444444444444443,0.05277777777777778,0.007623456790123456
train,img-13_jpg.rf.a4db51428d0461f9ed82e12eb6d87a03.txt,0,0.9097222222222222,0.03333333333333333,0.10277777777777777,0.03888888888888889,0.003996913580246913
train,img-141_jpg.rf.9fb75a7f4520090a669516f6c16c105e.txt,0,0.6263888888888889,0.6701388888888888,0.14444444444444443,0.10972222222222222,0.015848765432098764
train,img-141_jpg.rf.9fb75a7f4520090a669516f6c16c105e.txt,0,0.49166666666666664,0.5701388888888889,0.2,0.14583333333333334,0.02916666666666667
train,img-141_jpg.rf.9fb75a7f4520090a669516f6c16c105e.txt,0,0.3680555555555556,0.46597222222222223,0.1638888888888889,0.12083333333333333,0.01980324074074074
train,img-141_jpg.rf.9fb75a7f4520090a669516f6c16c105e.txt,0,0.09722222222222222,0.3090277777777778,0.19444444444444445,0.15416666666666667,0.029976851851851855
train,img-142_jpg.rf.324ee78ee3122e5a751d32198a2e11cb.txt,0,0.4979166666666667,0.48194444444444445,0.49583333333333335,0.1361111111111111,0.06748842592592592
train,img-143_jpg.rf.b4553a89ca02d904d7d3d8b601d92033.txt,0,0.49583333333333335,0.5152777777777777,0.23055555555555557,0.15,0.034583333333333334
train,img-144_jpg.rf.2e98a93812eee1ad65ad7e3f9f5620ad.txt,0,0.47638888888888886,0.5666666666666667,0.2361111111111111,0.1527777777777778,0.03607253086419753
train,img-144_jpg.rf.2e98a93812eee1ad65ad7e3f9f5620ad.txt,0,0.09166666666666666,0.3090277777777778,0.1,0.0625,0.00625
train,img-148_jpg.rf.eddf84184c0a99958850113c36e7b754.txt,0,0.4423611111111111,0.4354166666666667,0.18194444444444444,0.19027777777777777,0.03461998456790123
train,img-148_jpg.rf.eddf84184c0a99958850113c36e7b754.txt,0,0.9590277777777778,0.19444444444444445,0.07916666666666666,0.05555555555555555,0.0043981481481481476
train,img-149_jpg.rf.44eff0efcbd1ccfa08da8768642f71c9.txt,0,0.48541666666666666,0.4041666666666667,0.43194444444444446,0.1638888888888889,0.07079089506172839
train,img-150_jpg.rf.f3ebd01cb708363657a8f21645c06c39.txt,0,0.5368055555555555,0.4701388888888889,0.47638888888888886,0.16805555555555557,0.08005979938271605
train,img-151_jpg.rf.52e5bb5d308649772ceef0bfcde24f96.txt,0,0.5208333333333334,0.46944444444444444,0.2972222222222222,0.19444444444444445,0.05779320987654321
train,img-152_jpg.rf.621b5126c90ae5176bc3d2415fda4fe8.txt,0,0.41805555555555557,0.39305555555555555,0.11388888888888889,0.06111111111111111,0.006959876543209876
train,img-152_jpg.rf.621b5126c90ae5176bc3d2415fda4fe8.txt,0,0.5576388888888889,0.4722222222222222,0.25972222222222224,0.07777777777777778,0.02020061728395062
train,img-152_jpg.rf.621b5126c90ae5176bc3d2415fda4fe8.txt,0,0.61875,0.7284722222222222,0.17083333333333334,0.08194444444444444,0.013998842592592592
train,img-152_jpg.rf.621b5126c90ae5176bc3d2415fda4fe8.txt,0,0.7305555555555555,0.9006944444444445,0.15833333333333333,0.11805555555555555,0.018692129629629628
train,img-152_jpg.rf.621b5126c90ae5176bc3d2415fda4fe8.txt,0,0.33958333333333335,0.9097222222222222,0.12361111111111112,0.075,0.009270833333333334
train,img-155_jpg.rf.7c1dd28f3db86d175cca8437cece1d08.txt,0,0.6951388888888889,0.43333333333333335,0.2263888888888889,0.18055555555555555,0.04087577160493827
train,img-155_jpg.rf.7c1dd28f3db86d175cca8437cece1d08.txt,0,0.6513888888888889,0.75,0.175,0.18611111111111112,0.03256944444444444
train,img-155_jpg.rf.7c1dd28f3db86d175cca8437cece1d08.txt,0,0.38472222222222224,0.5006944444444444,0.08611111111111111,0.0875,0.007534722222222221
train,img-156_jpg.rf.ff820d5c1ff5fc1a1fc27fa5647cc146.txt,0,0.45416666666666666,0.4708333333333333,0.34444444444444444,0.2361111111111111,0.08132716049382716
train,img-156_jpg.rf.ff820d5c1ff5fc1a1fc27fa5647cc146.txt,0,0.7076388888888889,0.23333333333333334,0.1736111111111111,0.06666666666666667,0.011574074074074073
train,img-157_jpg.rf.764e348f9144fed2fd906c23ff15afe5.txt,0,0.4708333333333333,0.4423611111111111,0.26944444444444443,0.16527777777777777,0.04453317901234567
train,img-157_jpg.rf.764e348f9144fed2fd906c23ff15afe5.txt,0,0.3236111111111111,0.30972222222222223,0.08888888888888889,0.04722222222222222,0.004197530864197531
train,img-158_jpg.rf.80110529bda206547f2c5482abfca272.txt,0,0.5256944444444445,0.48541666666666666,0.22916666666666666,0.1625,0.03723958333333333
train,img-158_jpg.rf.80110529bda206547f2c5482abfca272.txt,0,0.31180555555555556,0.5256944444444445,0.1875,0.11805555555555555,0.022135416666666664
train,img-159_jpg.rf.9a2234e70393ae42ad518c7c34b031c5.txt,0,0.5131944444444444,0.49236111111111114,0.18472222222222223,0.14305555555555555,0.02642554012345679
train,img-159_jpg.rf.9a2234e70393ae42ad518c7c34b031c5.txt,0,0.6263888888888889,0.8298611111111112,0.08055555555555556,0.059722222222222225,0.004810956790123457
train,img-159_jpg.rf.9a2234e70393ae42ad518c7c34b031c5.txt,0,0.3951388888888889,0.3388888888888889,0.16805555555555557,0.11944444444444445,0.020073302469135804
train,img-15_jpg.rf.b937fa68f73a1ee37d832a279f432941.txt,0,0.49236111111111114,0.5229166666666667,0.29583333333333334,0.15416666666666667,0.04560763888888889
train,img-160_jpg.rf.ef4e05f9ef187938ab9bd0321c4dcf4d.txt,0,0.8138888888888889,0.11388888888888889,0.26666666666666666,0.22777777777777777,0.06074074074074074
train,img-160_jpg.rf.ef4e05f9ef187938ab9bd0321c4dcf4d.txt,0,0.6194444444444445,0.4965277777777778,0.2111111111111111,0.19305555555555556,0.04075617283950617
train,img-160_jpg.rf.ef4e05f9ef187938ab9bd0321c4dcf4d.txt,0,0.46805555555555556,0.6486111111111111,0.2916666666666667,0.20277777777777778,0.059143518518518526
train,img-160_jpg.rf.ef4e05f9ef187938ab9bd0321c4dcf4d.txt,0,0.8833333333333333,0.25069444444444444,0.15555555555555556,0.14027777777777778,0.02182098765432099
train,img-162_jpg.rf.0459e44683fd65132e9e2558f7cfcc6a.txt,0,0.48541666666666666,0.4375,0.3597222222222222,0.19444444444444445,0.06994598765432099
train,img-163_jpg.rf.232bf43b16b71f5c5581f7d908e3e253.txt,0,0.5361111111111111,0.5326388888888889,0.3611111111111111,0.2847222222222222,0.10281635802469136
train,img-163_jpg.rf.232bf43b16b71f5c5581f7d908e3e253.txt,0,0.9583333333333334,0.33402777777777776,0.08055555555555556,0.07083333333333333,0.005706018518518519
train,img-164_jpg.rf.cb6665fd71f9ea53c23dc545be31d2e1.txt,0,0.4909722222222222,0.49166666666666664,0.3736111111111111,0.19166666666666668,0.0716087962962963
train,img-165_jpg.rf.a4b4be5d004a62f1bbf126232edb2785.txt,0,0.49236111111111114,0.5243055555555556,0.3625,0.1875,0.06796875
train,img-167_jpg.rf.a2c9b6a4a769135a8f5f7e671b636ac8.txt,0,0.51875,0.4638888888888889,0.2652777777777778,0.2,0.05305555555555556
train,img-167_jpg.rf.a2c9b6a4a769135a8f5f7e671b636ac8.txt,0,0.3368055555555556,0.6256944444444444,0.2152777777777778,0.13472222222222222,0.029002700617283952
train,img-167_jpg.rf.a2c9b6a4a769135a8f5f7e671b636ac8.txt,0,0.33055555555555555,0.09583333333333334,0.10277777777777777,0.03888888888888889,0.003996913580246913
train,img-169_jpg.rf.9ad23ea6b668a59c48e362859efe3515.txt,0,0.4284722222222222,0.46875,0.43194444444444446,0.22083333333333333,0.09538773148148148
train,img-16_jpg.rf.3018a4883623e53e929435fc084c2200.txt,0,0.49166666666666664,0.5118055555555555,0.26944444444444443,0.2513888888888889,0.06773533950617283
train,img-170_jpg.rf.448c70ae76619d82c629389410701f9c.txt,0,0.5256944444444445,0.36944444444444446,0.1375,0.06666666666666667,0.009166666666666667
train,img-170_jpg.rf.448c70ae76619d82c629389410701f9c.txt,0,0.4201388888888889,0.7513888888888889,0.20416666666666666,0.13055555555555556,0.026655092592592595
train,img-172_jpg.rf.d849de955bfb8608552f1adf347f3ef1.txt,0,0.4097222222222222,0.14583333333333334,0.24444444444444444,0.10277777777777777,0.025123456790123455
train,img-172_jpg.rf.d849de955bfb8608552f1adf347f3ef1.txt,0,0.08055555555555556,0.3159722222222222,0.12777777777777777,0.12361111111111112,0.01579475308641975
train,img-172_jpg.rf.d849de955bfb8608552f1adf347f3ef1.txt,0,0.05277777777777778,0.041666666666666664,0.10555555555555556,0.08333333333333333,0.008796296296296295
train,img-172_jpg.rf.d849de955bfb8608552f1adf347f3ef1.txt,0,0.14375,0.02638888888888889,0.18472222222222223,0.05277777777777778,0.009749228395061729
train,img-172_jpg.rf.d849de955bfb8608552f1adf347f3ef1.txt,0,0.5534722222222223,0.6236111111111111,0.49027777777777776,0.3,0.14708333333333332
train,img-174_jpg.rf.63afee69864babbb4a21a4b8d2eff7d9.txt,0,0.5486111111111112,0.60625,0.38055555555555554,0.18472222222222223,0.07029706790123456
train,img-175_jpg.rf.edaa0f7c577755474ff285ff38eec09e.txt,0,0.40347222222222223,0.4625,0.31527777777777777,0.28888888888888886,0.09108024691358023
train,img-175_jpg.rf.edaa0f7c577755474ff285ff38eec09e.txt,0,0.6423611111111112,0.5166666666666667,0.1986111111111111,0.26666666666666666,0.05296296296296296
train,img-175_jpg.rf.edaa0f7c577755474ff285ff38eec09e.txt,0,0.6333333333333333,0.07708333333333334,0.11388888888888889,0.10694444444444444,0.012179783950617282
train,img-176_jpg.rf.36e2a3416c78152aeb6ea6f1a20e2ea9.txt,0,0.49236111111111114,0.4736111111111111,0.27361111111111114,0.1638888888888889,0.044841820987654324
train,img-176_jpg.rf.36e2a3416c78152aeb6ea6f1a20e2ea9.txt,0,0.1625,0.41805555555555557,0.1527777777777778,0.09722222222222222,0.014853395061728397
train,img-177_jpg.rf.218561bceb58b04e0bf46a7c297179a0.txt,0,0.4840277777777778,0.425,0.2625,0.1638888888888889,0.043020833333333335
train,img-178_jpg.rf.d97b9cc2a1e25824ea668642fe4df36e.txt,0,0.49444444444444446,0.5069444444444444,0.26666666666666666,0.14166666666666666,0.03777777777777778
train,img-178_jpg.rf.d97b9cc2a1e25824ea668642fe4df36e.txt,0,0.12013888888888889,0.6256944444444444,0.20972222222222223,0.10972222222222222,0.02301118827160494
train,img-178_jpg.rf.d97b9cc2a1e25824ea668642fe4df36e.txt,0,0.05277777777777778,0.5201388888888889,0.10555555555555556,0.09027777777777778,0.00952932098765432
train,img-17_jpg.rf.66c2a0fce4e0de3bf1d6d6c6101b1d2e.txt,0,0.3736111111111111,0.5680555555555555,0.40555555555555556,0.26944444444444443,0.10927469135802469
train,img-17_jpg.rf.66c2a0fce4e0de3bf1d6d6c6101b1d2e.txt,0,0.8298611111111112,0.4131944444444444,0.2125,0.16527777777777777,0.03512152777777778
train,img-180_jpg.rf.23e2fffafadf7ef2741d68402213261b.txt,0,0.5020833333333333,0.4847222222222222,0.4013888888888889,0.19722222222222222,0.07916280864197531
train,img-181_jpg.rf.27e6333bebd7c84f8b89871c21b1608b.txt,0,0.5243055555555556,0.5458333333333333,0.24305555555555555,0.16944444444444445,0.041184413580246916
train,img-182_jpg.rf.4a3748ca6898a245a5474d963734c12f.txt,0,0.5041666666666667,0.5048611111111111,0.21944444444444444,0.2152777777777778,0.04724151234567901
train,img-182_jpg.rf.4a3748ca6898a245a5474d963734c12f.txt,0,0.06805555555555555,0.3645833333333333,0.1361111111111111,0.13194444444444445,0.017959104938271603
train,img-182_jpg.rf.4a3748ca6898a245a5474d963734c12f.txt,0,0.6708333333333333,0.9479166666666666,0.18611111111111112,0.10138888888888889,0.0188695987654321
train,img-183_jpg.rf.4358b5ae9b05895a41d00d84a0e17ec7.txt,0,0.4597222222222222,0.4777777777777778,0.4361111111111111,0.33611111111111114,0.1465817901234568
train,img-185_jpg.rf.98a5add77bc81de0d192cd6c6a50f933.txt,0,0.5152777777777777,0.5159722222222223,0.30833333333333335,0.2875,0.08864583333333333
train,img-186_jpg.rf.c354a07266904a6e8212056359600aec.txt,0,0.36944444444444446,0.5326388888888889,0.4027777777777778,0.19027777777777777,0.07663966049382716
train,img-186_jpg.rf.c354a07266904a6e8212056359600aec.txt,0,0.7798611111111111,0.4486111111111111,0.3375,0.16944444444444445,0.05718750000000001
train,img-187_jpg.rf.a5d70ec1463db2d5d0c48ef494605977.txt,0,0.48819444444444443,0.4861111111111111,0.33194444444444443,0.19166666666666668,0.06362268518518518
train,img-188_jpg.rf.e25310df0413037e398729953a4e8240.txt,0,0.46805555555555556,0.38472222222222224,0.2,0.14166666666666666,0.028333333333333335
train,img-188_jpg.rf.e25310df0413037e398729953a4e8240.txt,0,0.5048611111111111,0.5451388888888888,0.18194444444444444,0.12361111111111112,0.022490354938271603
train,img-188_jpg.rf.e25310df0413037e398729953a4e8240.txt,0,0.7069444444444445,0.42083333333333334,0.21666666666666667,0.12777777777777777,0.027685185185185184
train,img-189_jpg.rf.2afafdf425170ac8e1cbb58c488c4c4a.txt,0,0.5048611111111111,0.4777777777777778,0.2875,0.18611111111111112,0.05350694444444444
train,img-18_jpg.rf.f79a657ff81d70927c469283a9e0a262.txt,0,0.4666666666666667,0.35694444444444445,0.18888888888888888,0.11944444444444445,0.02256172839506173
train,img-18_jpg.rf.f79a657ff81d70927c469283a9e0a262.txt,0,0.5513888888888889,0.5215277777777778,0.24722222222222223,0.12361111111111112,0.030559413580246917
train,img-18_jpg.rf.f79a657ff81d70927c469283a9e0a262.txt,0,0.24305555555555555,0.7159722222222222,0.11666666666666667,0.08194444444444444,0.009560185185185185
train,img-18_jpg.rf.f79a657ff81d70927c469283a9e0a262.txt,0,0.1388888888888889,0.17916666666666667,0.12777777777777777,0.06111111111111111,0.007808641975308641
train,img-18_jpg.rf.f79a657ff81d70927c469283a9e0a262.txt,0,0.035416666666666666,0.13125,0.07083333333333333,0.043055555555555555,0.0030497685185185185
train,img-191_jpg.rf.e82152e059f62a6559daedf1d1ae62a3.txt,0,0.5111111111111111,0.5743055555555555,0.2722222222222222,0.22083333333333333,0.060115740740740733
train,img-191_jpg.rf.e82152e059f62a6559daedf1d1ae62a3.txt,0,0.46041666666666664,0.36944444444444446,0.16805555555555557,0.08333333333333333,0.01400462962962963
train,img-191_jpg.rf.e82152e059f62a6559daedf1d1ae62a3.txt,0,0.275,0.5875,0.1,0.06111111111111111,0.006111111111111111
train,img-192_jpg.rf.41da280cd625ff7e2b15dde2afb0c11a.txt,0,0.47847222222222224,0.47847222222222224,0.19305555555555556,0.14305555555555555,0.02761766975308642
train,img-193_jpg.rf.d2949c3bad35af6229b470554825cd54.txt,0,0.43819444444444444,0.5173611111111112,0.12361111111111112,0.07361111111111111,0.009099151234567901
train,img-193_jpg.rf.d2949c3bad35af6229b470554825cd54.txt,0,0.8347222222222223,0.5527777777777778,0.1,0.05277777777777778,0.005277777777777778
train,img-194_jpg.rf.fe81115eda78ee8dcefcbc08dcdc17ef.txt,0,0.5055555555555555,0.4909722222222222,0.28888888888888886,0.17916666666666667,0.051759259259259255
train,img-197_jpg.rf.f9b2583df29a86d60bcfe3eea1dab4e9.txt,0,0.5701388888888889,0.5465277777777777,0.20416666666666666,0.13472222222222222,0.027505787037037033
train,img-197_jpg.rf.f9b2583df29a86d60bcfe3eea1dab4e9.txt,0,0.6916666666666667,0.48125,0.1111111111111111,0.0763888888888889,0.008487654320987654
train,img-197_jpg.rf.f9b2583df29a86d60bcfe3eea1dab4e9.txt,0,0.39375,0.6402777777777777,0.22083333333333333,0.17222222222222222,0.038032407407407404
train,img-198_jpg.rf.0b1cb1e07fefe54965584465087f960a.txt,0,0.37569444444444444,0.34652777777777777,0.2152777777777778,0.07361111111111111,0.01584683641975309
train,img-198_jpg.rf.0b1cb1e07fefe54965584465087f960a.txt,0,0.3506944444444444,0.4354166666666667,0.31527777777777777,0.11527777777777778,0.03634452160493827
train,img-198_jpg.rf.0b1cb1e07fefe54965584465087f960a.txt,0,0.4513888888888889,0.5208333333333334,0.06944444444444445,0.05555555555555555,0.0038580246913580245
train,img-198_jpg.rf.0b1cb1e07fefe54965584465087f960a.txt,0,0.6722222222222223,0.5965277777777778,0.3194444444444444,0.14583333333333334,0.04658564814814815
train,img-199_jpg.rf.6120711f954526a2c6fa1b94fd7bd4ec.txt,0,0.4652777777777778,0.5986111111111111,0.25277777777777777,0.3333333333333333,0.08425925925925926
train,img-199_jpg.rf.6120711f954526a2c6fa1b94fd7bd4ec.txt,0,0.6576388888888889,0.49166666666666664,0.15138888888888888,0.13055555555555556,0.01976466049382716
train,img-19_jpg.rf.399478ab1a20c3fcb63dc9e3d5c425f5.txt,0,0.4756944444444444,0.39166666666666666,0.20416666666666666,0.15555555555555556,0.03175925925925926
train,img-19_jpg.rf.399478ab1a20c3fcb63dc9e3d5c425f5.txt,0,0.3173611111111111,0.6104166666666667,0.1875,0.12638888888888888,0.023697916666666666
train,img-1_jpg.rf.04766deb9036fc43721c26f431c3eb3d.txt,0,0.5111111111111111,0.42777777777777776,0.43333333333333335,0.19166666666666668,0.08305555555555556
train,img-202_jpg.rf.e0f6ad1db0c11daafb4625b1b6678faa.txt,0,0.4597222222222222,0.5715277777777777,0.1111111111111111,0.10694444444444444,0.011882716049382715
train,img-202_jpg.rf.e0f6ad1db0c11daafb4625b1b6678faa.txt,0,0.4798611111111111,0.4652777777777778,0.17083333333333334,0.1111111111111111,0.01898148148148148
train,img-202_jpg.rf.e0f6ad1db0c11daafb4625b1b6678faa.txt,0,0.4951388888888889,0.36527777777777776,0.15416666666666667,0.07777777777777778,0.011990740740740741
train,img-202_jpg.rf.e0f6ad1db0c11daafb4625b1b6678faa.txt,0,0.4666666666666667,0.14097222222222222,0.11944444444444445,0.15416666666666667,0.018414351851851855
train,img-202_jpg.rf.e0f6ad1db0c11daafb4625b1b6678faa.txt,0,0.24583333333333332,0.74375,0.07222222222222222,0.0763888888888889,0.005516975308641975
train,img-202_jpg.rf.e0f6ad1db0c11daafb4625b1b6678faa.txt,0,0.09166666666666666,0.7416666666666667,0.07777777777777778,0.15,0.011666666666666667
train,img-202_jpg.rf.e0f6ad1db0c11daafb4625b1b6678faa.txt,0,0.4618055555555556,0.9625,0.10138888888888889,0.06666666666666667,0.006759259259259259
train,img-203_jpg.rf.29fcf9b56cd28acd7b8f97d171463785.txt,0,0.4222222222222222,0.4840277777777778,0.3333333333333333,0.1486111111111111,0.04953703703703703
train,img-203_jpg.rf.29fcf9b56cd28acd7b8f97d171463785.txt,0,0.9034722222222222,0.4625,0.09027777777777778,0.08888888888888889,0.008024691358024692
train,img-203_jpg.rf.29fcf9b56cd28acd7b8f97d171463785.txt,0,0.6895833333333333,0.38472222222222224,0.2791666666666667,0.13055555555555556,0.03644675925925926
train,img-205_jpg.rf.d1f737acba43ae7bf7374d2191904719.txt,0,0.6854166666666667,0.38055555555555554,0.6125,0.30277777777777776,0.1854513888888889
train,img-205_jpg.rf.d1f737acba43ae7bf7374d2191904719.txt,0,0.22569444444444445,0.70625,0.4513888888888889,0.2708333333333333,0.1222511574074074
train,img-207_jpg.rf.7a8009c01c21717ead5486e01e2580b2.txt,0,0.5104166666666666,0.5347222222222222,0.5152777777777777,0.325,0.16746527777777775
train,img-207_jpg.rf.7a8009c01c21717ead5486e01e2580b2.txt,0,0.5631944444444444,0.8930555555555556,0.22916666666666666,0.20833333333333334,0.04774305555555555
train,img-208_jpg.rf.137d967b7b8672f47e86429a98b89252.txt,0,0.5076388888888889,0.3125,0.22083333333333333,0.18888888888888888,0.04171296296296296
train,img-208_jpg.rf.137d967b7b8672f47e86429a98b89252.txt,0,0.6569444444444444,0.6090277777777777,0.1638888888888889,0.1986111111111111,0.03255015432098765
train,img-208_jpg.rf.137d967b7b8672f47e86429a98b89252.txt,0,0.4777777777777778,0.7076388888888889,0.20555555555555555,0.20416666666666666,0.04196759259259259
train,img-209_jpg.rf.50a35176830c86029ddfb4d3af626c08.txt,0,0.5569444444444445,0.41875,0.2916666666666667,0.26805555555555555,0.07818287037037037
train,img-211_jpg.rf.4aa6ae6b2af90b1fff1b5075a215641d.txt,0,0.5305555555555556,0.4847222222222222,0.41388888888888886,0.24444444444444444,0.10117283950617283
train,img-212_jpg.rf.5f7dc0f25419dc8a67116ce313c83707.txt,0,0.53125,0.48333333333333334,0.2791666666666667,0.25833333333333336,0.07211805555555556
train,img-213_jpg.rf.5a46fcca214ab83b01c26743a9dc3e72.txt,0,0.49583333333333335,0.46944444444444444,0.31666666666666665,0.28055555555555556,0.08884259259259258
train,img-214_jpg.rf.a35d0cd16266cfb261319a66b469ac89.txt,0,0.45555555555555555,0.49375,0.20277777777777778,0.1625,0.03295138888888889
train,img-215_jpg.rf.b5e67b3aafeb154d5c904a6c663718b7.txt,0,0.4041666666666667,0.39791666666666664,0.21944444444444444,0.2375,0.05211805555555555
train,img-216_jpg.rf.1a3dd495b3e6ba5f9cc43cec992021d7.txt,0,0.5423611111111111,0.45625,0.25416666666666665,0.12638888888888888,0.03212384259259259
train,img-216_jpg.rf.1a3dd495b3e6ba5f9cc43cec992021d7.txt,0,0.45625,0.24791666666666667,0.2013888888888889,0.12083333333333333,0.024334490740740743
train,img-216_jpg.rf.1a3dd495b3e6ba5f9cc43cec992021d7.txt,0,0.6993055555555555,0.6472222222222223,0.13472222222222222,0.075,0.010104166666666666
train,img-218_jpg.rf.87be625afd1b1536ab3d9f5d0a000751.txt,0,0.475,0.4840277777777778,0.21944444444444444,0.2375,0.05211805555555555
train,img-218_jpg.rf.87be625afd1b1536ab3d9f5d0a000751.txt,0,0.9319444444444445,0.12638888888888888,0.13333333333333333,0.06666666666666667,0.008888888888888889
train,img-21_jpg.rf.4ae2f55eff42580278ecf92ee177fdd1.txt,0,0.5180555555555556,0.5513888888888889,0.3611111111111111,0.37777777777777777,0.13641975308641974
train,img-21_jpg.rf.4ae2f55eff42580278ecf92ee177fdd1.txt,0,0.10833333333333334,0.9111111111111111,0.21666666666666667,0.17222222222222222,0.037314814814814815
train,img-220_jpg.rf.4ffdf8738ac89d5fccf5d1e08c169af8.txt,0,0.45416666666666666,0.4652777777777778,0.375,0.24166666666666667,0.090625
train,img-220_jpg.rf.4ffdf8738ac89d5fccf5d1e08c169af8.txt,0,0.71875,0.9236111111111112,0.23194444444444445,0.10555555555555556,0.024483024691358025
train,img-221_jpg.rf.9f0d03d552a78e97c74f75c74be35e38.txt,0,0.44583333333333336,0.49583333333333335,0.18055555555555555,0.11944444444444445,0.021566358024691357
train,img-221_jpg.rf.9f0d03d552a78e97c74f75c74be35e38.txt,0,0.38958333333333334,0.2076388888888889,0.059722222222222225,0.05138888888888889,0.003069058641975309
train,img-222_jpg.rf.a00c413e9a6bafb705147f7534664ed3.txt,0,0.4840277777777778,0.49930555555555556,0.2652777777777778,0.3819444444444444,0.10132137345679011
train,img-223_jpg.rf.5ffeb123361acc79233a82037e058c4c.txt,0,0.5284722222222222,0.5145833333333333,0.15138888888888888,0.15694444444444444,0.023759645061728393
train,img-224_jpg.rf.9cdf248fe4332b59a353f0bc70a0ea01.txt,0,0.4986111111111111,0.5340277777777778,0.2861111111111111,0.2375,0.06795138888888888
train,img-226_jpg.rf.5f9874a019437b70987ae2aa665878b7.txt,0,0.4340277777777778,0.5652777777777778,0.34305555555555556,0.23055555555555557,0.07909336419753087
train,img-227_jpg.rf.4e7fd2692cefbe4e52f4198d7f8e89ff.txt,0,0.46875,0.37222222222222223,0.37083333333333335,0.17777777777777778,0.06592592592592593
train,img-227_jpg.rf.4e7fd2692cefbe4e52f4198d7f8e89ff.txt,0,0.5166666666666667,0.8729166666666667,0.9638888888888889,0.2513888888888889,0.24231095679012346
train,img-228_jpg.rf.8170bf0af3eda9eb2c07bca7884a06a5.txt,0,0.5263888888888889,0.5055555555555555,0.3194444444444444,0.275,0.08784722222222223
train,img-229_jpg.rf.d4582c3c84f78d8304ed684e4af48594.txt,0,0.46944444444444444,0.41944444444444445,0.16666666666666666,0.09722222222222222,0.016203703703703703
train,img-229_jpg.rf.d4582c3c84f78d8304ed684e4af48594.txt,0,0.5611111111111111,0.5138888888888888,0.2361111111111111,0.1527777777777778,0.03607253086419753
train,img-229_jpg.rf.d4582c3c84f78d8304ed684e4af48594.txt,0,0.08472222222222223,0.8479166666666667,0.16944444444444445,0.17083333333333334,0.028946759259259262
train,img-230_jpg.rf.39bac5bc33e3e0f64de17664289ec867.txt,0,0.5027777777777778,0.5270833333333333,0.3111111111111111,0.16805555555555557,0.052283950617283956
train,img-230_jpg.rf.39bac5bc33e3e0f64de17664289ec867.txt,0,0.6444444444444445,0.20347222222222222,0.11944444444444445,0.04583333333333333,0.005474537037037037
train,img-230_jpg.rf.39bac5bc33e3e0f64de17664289ec867.txt,0,0.32708333333333334,0.18194444444444444,0.09861111111111111,0.03333333333333333,0.0032870370370370367
train,img-231_jpg.rf.1834b79b17ce894fbdc7c5334407d877.txt,0,0.5041666666666667,0.4215277777777778,0.33055555555555555,0.2375,0.07850694444444443
train,img-231_jpg.rf.1834b79b17ce894fbdc7c5334407d877.txt,0,0.525,0.1125,0.11944444444444445,0.041666666666666664,0.004976851851851852
train,img-232_jpg.rf.e586c2966df762ffc459b84153da5380.txt,0,0.5034722222222222,0.27361111111111114,0.12916666666666668,0.10555555555555556,0.013634259259259261
train,img-232_jpg.rf.e586c2966df762ffc459b84153da5380.txt,0,0.4236111111111111,0.8034722222222223,0.2361111111111111,0.23472222222222222,0.055420524691358025
train,img-232_jpg.rf.e586c2966df762ffc459b84153da5380.txt,0,0.15625,0.03819444444444445,0.059722222222222225,0.0375,0.0022395833333333334
train,img-232_jpg.rf.e586c2966df762ffc459b84153da5380.txt,0,0.6166666666666667,0.027777777777777776,0.09166666666666666,0.05555555555555555,0.005092592592592592
train,img-233_jpg.rf.95f53597d4cd6932e86dce9fdbcc54c9.txt,0,0.5125,0.4513888888888889,0.2777777777777778,0.2111111111111111,0.05864197530864198
train,img-233_jpg.rf.95f53597d4cd6932e86dce9fdbcc54c9.txt,0,0.5708333333333333,0.3138888888888889,0.08888888888888889,0.058333333333333334,0.005185185185185185
train,img-234_jpg.rf.cf4a8f8c19d33c53f38d6a19b3dd054b.txt,0,0.49027777777777776,0.5027777777777778,0.15555555555555556,0.1111111111111111,0.01728395061728395
train,img-235_jpg.rf.030dcf4264c55859ef30294c84f77482.txt,0,0.50625,0.4576388888888889,0.3819444444444444,0.37083333333333335,0.14163773148148148
train,img-236_jpg.rf.67dcb4e2f648c09a7c1bdc4e41fcb7ad.txt,0,0.4548611111111111,0.40208333333333335,0.2263888888888889,0.16527777777777777,0.0374170524691358
train,img-236_jpg.rf.67dcb4e2f648c09a7c1bdc4e41fcb7ad.txt,0,0.11180555555555556,0.23958333333333334,0.1597222222222222,0.10416666666666667,0.016637731481481483
train,img-236_jpg.rf.67dcb4e2f648c09a7c1bdc4e41fcb7ad.txt,0,0.5381944444444444,0.7222222222222222,0.30694444444444446,0.2722222222222222,0.0835570987654321
train,img-237_jpg.rf.d68dadf35426df3831bf5af536b2ebde.txt,0,0.5263888888888889,0.40694444444444444,0.35833333333333334,0.2861111111111111,0.10252314814814814
train,img-237_jpg.rf.d68dadf35426df3831bf5af536b2ebde.txt,0,0.37777777777777777,0.3597222222222222,0.16666666666666666,0.11388888888888889,0.01898148148148148
train,img-237_jpg.rf.d68dadf35426df3831bf5af536b2ebde.txt,0,0.2604166666666667,0.5506944444444445,0.09027777777777778,0.059722222222222225,0.005391589506172839
train,img-237_jpg.rf.d68dadf35426df3831bf5af536b2ebde.txt,0,0.07013888888888889,0.8486111111111111,0.14027777777777778,0.1388888888888889,0.019483024691358024
train,img-237_jpg.rf.d68dadf35426df3831bf5af536b2ebde.txt,0,0.9763888888888889,0.63125,0.044444444444444446,0.12361111111111112,0.005493827160493827
train,img-240_jpg.rf.06da3127a48b2f044201c9b2f9755109.txt,0,0.5104166666666666,0.4847222222222222,0.24305555555555555,0.2972222222222222,0.07224151234567901
train,img-240_jpg.rf.06da3127a48b2f044201c9b2f9755109.txt,0,0.4840277777777778,0.05694444444444444,0.04861111111111111,0.03888888888888889,0.001890432098765432
train,img-240_jpg.rf.06da3127a48b2f044201c9b2f9755109.txt,0,0.5569444444444445,0.07013888888888889,0.05,0.020833333333333332,0.0010416666666666667
train,img-240_jpg.rf.06da3127a48b2f044201c9b2f9755109.txt,0,0.5631944444444444,0.04375,0.05416666666666667,0.02638888888888889,0.0014293981481481482
train,img-241_jpg.rf.8d98e10538fa3d678b4af250991b8a94.txt,0,0.35347222222222224,0.18888888888888888,0.13472222222222222,0.08055555555555556,0.010852623456790124
train,img-241_jpg.rf.8d98e10538fa3d678b4af250991b8a94.txt,0,0.6090277777777777,0.3541666666666667,0.22916666666666666,0.1527777777777778,0.03501157407407408
train,img-241_jpg.rf.8d98e10538fa3d678b4af250991b8a94.txt,0,0.7888888888888889,0.34791666666666665,0.20833333333333334,0.1125,0.0234375
train,img-241_jpg.rf.8d98e10538fa3d678b4af250991b8a94.txt,0,0.5104166666666666,0.4111111111111111,0.09583333333333334,0.05,0.004791666666666667
train,img-241_jpg.rf.8d98e10538fa3d678b4af250991b8a94.txt,0,0.4236111111111111,0.5548611111111111,0.2361111111111111,0.22361111111111112,0.05279706790123457
train,img-241_jpg.rf.8d98e10538fa3d678b4af250991b8a94.txt,0,0.6375,0.5319444444444444,0.18611111111111112,0.10833333333333334,0.020162037037037037
train,img-241_jpg.rf.8d98e10538fa3d678b4af250991b8a94.txt,0,0.6506944444444445,0.8486111111111111,0.1375,0.19722222222222222,0.02711805555555556
train,img-242_jpg.rf.b18c9a478cd5489f76390ff90e9155dc.txt,0,0.48541666666666666,0.5479166666666667,0.37916666666666665,0.21805555555555556,0.08267939814814815
train,img-246_jpg.rf.5093ecb9a803a42964980674d3f5d2be.txt,0,0.4326388888888889,0.4756944444444444,0.3458333333333333,0.19583333333333333,0.06772569444444444
train,img-246_jpg.rf.5093ecb9a803a42964980674d3f5d2be.txt,0,0.5236111111111111,0.275,0.2222222222222222,0.16111111111111112,0.03580246913580247
train,img-247_jpg.rf.506670aed39eb7dd2d892350788582fb.txt,0,0.49166666666666664,0.4652777777777778,0.2611111111111111,0.16944444444444445,0.04424382716049383
train,img-248_jpg.rf.372df8d99477b8990af9995308c81215.txt,0,0.4152777777777778,0.4625,0.4861111111111111,0.24166666666666667,0.11747685185185185
train,img-248_jpg.rf.372df8d99477b8990af9995308c81215.txt,0,0.9020833333333333,0.10694444444444444,0.19305555555555556,0.07777777777777778,0.015015432098765434
train,img-248_jpg.rf.372df8d99477b8990af9995308c81215.txt,0,0.3770833333333333,0.08680555555555555,0.16805555555555557,0.05416666666666667,0.00910300925925926
train,img-249_jpg.rf.9530479784ad79a1ede2b51e62c968b4.txt,0,0.4826388888888889,0.5340277777777778,0.35138888888888886,0.25972222222222224,0.09126350308641976
train,img-250_jpg.rf.7632980b590d300428e1072e1f13cef1.txt,0,0.5180555555555556,0.5229166666666667,0.6805555555555556,0.2875,0.19565972222222222
train,img-251_jpg.rf.2e205a42d00f6497563dedaba7387613.txt,0,0.5472222222222223,0.5638888888888889,0.5055555555555555,0.32222222222222224,0.16290123456790123
train,img-252_jpg.rf.7d99b08ebba1e9e530480e62891dbf54.txt,0,0.2972222222222222,0.2875,0.26666666666666666,0.11944444444444445,0.03185185185185185
train,img-252_jpg.rf.7d99b08ebba1e9e530480e62891dbf54.txt,0,0.7909722222222222,0.5756944444444444,0.16805555555555557,0.10138888888888889,0.017038966049382716
train,img-252_jpg.rf.7d99b08ebba1e9e530480e62891dbf54.txt,0,0.6763888888888889,0.7020833333333333,0.25555555555555554,0.16805555555555557,0.04294753086419753
train,img-253_jpg.rf.7465b1816c7c3025abb42dfb5d1430e1.txt,0,0.5826388888888889,0.4847222222222222,0.4986111111111111,0.13055555555555556,0.06509645061728396
train,img-255_jpg.rf.bfdc24d35627656fe644e3a7121c65fa.txt,0,0.48541666666666666,0.4708333333333333,0.19027777777777777,0.07777777777777778,0.014799382716049383
train,img-256_jpg.rf.c762541217b28d3470b203beabf29bf7.txt,0,0.41875,0.6680555555555555,0.22083333333333333,0.2638888888888889,0.05827546296296296
train,img-256_jpg.rf.c762541217b28d3470b203beabf29bf7.txt,0,0.5277777777777778,0.14166666666666666,0.13333333333333333,0.1361111111111111,0.018148148148148146
train,img-257_jpg.rf.48ba1caa7a209835d7b6d35a797b7088.txt,0,0.46805555555555556,0.5645833333333333,0.21388888888888888,0.2708333333333333,0.05792824074074073
train,img-257_jpg.rf.48ba1caa7a209835d7b6d35a797b7088.txt,0,0.63125,0.17291666666666666,0.08472222222222223,0.04861111111111111,0.004118441358024692
train,img-258_jpg.rf.e8fb0662316d1be8867dd41fbee5ddde.txt,0,0.5020833333333333,0.4965277777777778,0.2847222222222222,0.14583333333333334,0.04152199074074074
train,img-259_jpg.rf.86aaa968ce87cb21d2649e95839c244d.txt,0,0.49375,0.45416666666666666,0.2986111111111111,0.2361111111111111,0.0705054012345679
train,img-259_jpg.rf.86aaa968ce87cb21d2649e95839c244d.txt,0,0.3090277777777778,0.1875,0.0875,0.08055555555555556,0.007048611111111111
train,img-260_jpg.rf.3acd135908f14f0e9f68192fa13ea465.txt,0,0.44722222222222224,0.45,0.35,0.14722222222222223,0.051527777777777777
train,img-261_jpg.rf.e3583096f4d7e2a182149ba9afbcfc92.txt,0,0.48194444444444445,0.45694444444444443,0.375,0.21944444444444444,0.08229166666666667
train,img-262_jpg.rf.3db190e680343ed338296042b9f5e3a4.txt,0,0.45208333333333334,0.4236111111111111,0.14027777777777778,0.11944444444444445,0.016755401234567903
train,img-263_jpg.rf.892eb0397a70a352b0bc33f6a147d675.txt,0,0.4652777777777778,0.4173611111111111,0.3,0.16805555555555557,0.05041666666666667
train,img-265_jpg.rf.e4c76dcfe49ab14372397a9ff5f153e8.txt,0,0.10277777777777777,0.5340277777777778,0.10277777777777777,0.0875,0.008993055555555554
train,img-265_jpg.rf.e4c76dcfe49ab14372397a9ff5f153e8.txt,0,0.6125,0.5152777777777777,0.33611111111111114,0.16944444444444445,0.05695216049382717
train,img-265_jpg.rf.e4c76dcfe49ab14372397a9ff5f153e8.txt,0,0.2222222222222222,0.34652777777777777,0.2222222222222222,0.14583333333333334,0.032407407407407406
train,img-266_jpg.rf.6240ac9750b2791bd481a0cb694b4a3d.txt,0,0.4798611111111111,0.4736111111111111,0.32916666666666666,0.21944444444444444,0.0722337962962963
train,img-266_jpg.rf.6240ac9750b2791bd481a0cb694b4a3d.txt,0,0.7770833333333333,0.7076388888888889,0.08194444444444444,0.06527777777777778,0.0053491512345679015
train,img-267_jpg.rf.f50b4eccea93fe17ebcf2e4076140c88.txt,0,0.4444444444444444,0.4409722222222222,0.15833333333333333,0.10416666666666667,0.016493055555555556
train,img-267_jpg.rf.f50b4eccea93fe17ebcf2e4076140c88.txt,0,0.5416666666666666,0.6,0.16944444444444445,0.22777777777777777,0.03859567901234568
train,img-267_jpg.rf.f50b4eccea93fe17ebcf2e4076140c88.txt,0,0.2263888888888889,0.5861111111111111,0.26944444444444443,0.19722222222222222,0.05314043209876543
train,img-267_jpg.rf.f50b4eccea93fe17ebcf2e4076140c88.txt,0,0.9201388888888888,0.02361111111111111,0.15694444444444444,0.04722222222222222,0.007411265432098765
train,img-268_jpg.rf.08736c012f711f24b023c914e4205149.txt,0,0.5208333333333334,0.4215277777777778,0.3277777777777778,0.30416666666666664,0.09969907407407406
train,img-26_jpg.rf.f941793f07a3bc5dda0723a0d30041ee.txt,0,0.5,0.4895833333333333,0.20277777777777778,0.1597222222222222,0.032388117283950614
train,img-26_jpg.rf.f941793f07a3bc5dda0723a0d30041ee.txt,0,0.9583333333333334,0.47708333333333336,0.08055555555555556,0.06805555555555555,0.005482253086419753
train,img-270_jpg.rf.ae32377ec34641192544670bf004739e.txt,0,0.4798611111111111,0.4548611111111111,0.20416666666666666,0.12916666666666668,0.02637152777777778
train,img-270_jpg.rf.ae32377ec34641192544670bf004739e.txt,0,0.09305555555555556,0.12777777777777777,0.18611111111111112,0.075,0.013958333333333333
train,img-272_jpg.rf.8c1a71784795d3ee8535d76931594c9f.txt,0,0.5083333333333333,0.4479166666666667,0.2861111111111111,0.1625,0.04649305555555555
train,img-272_jpg.rf.8c1a71784795d3ee8535d76931594c9f.txt,0,0.9,0.4798611111111111,0.19722222222222222,0.10694444444444444,0.02109182098765432
train,img-273_jpg.rf.473d6e156e61ed75a57253643ab0328f.txt,0,0.5125,0.49583333333333335,0.2111111111111111,0.08888888888888889,0.018765432098765432
train,img-273_jpg.rf.473d6e156e61ed75a57253643ab0328f.txt,0,0.6104166666666667,0.9,0.7763888888888889,0.19722222222222222,0.15312114197530863
train,img-274_jpg.rf.816b2e4bda9e51204bf2cd2aa209fe50.txt,0,0.5736111111111111,0.37222222222222223,0.16944444444444445,0.08055555555555556,0.013649691358024693
train,img-274_jpg.rf.816b2e4bda9e51204bf2cd2aa209fe50.txt,0,0.42083333333333334,0.5048611111111111,0.3194444444444444,0.11527777777777778,0.03682484567901235
train,img-274_jpg.rf.816b2e4bda9e51204bf2cd2aa209fe50.txt,0,0.3055555555555556,0.35625,0.2222222222222222,0.09583333333333334,0.021296296296296296
train,img-275_jpg.rf.59c68c48a12960c7ea86163d39f0ea4d.txt,0,0.5423611111111111,0.5020833333333333,0.43472222222222223,0.23194444444444445,0.10083140432098767
train,img-277_jpg.rf.70a35da45babe2c725dbe4fa639e89d2.txt,0,0.4625,0.4625,0.19722222222222222,0.1111111111111111,0.02191358024691358
train,img-278_jpg.rf.59aabb4c0e30640a912b669ebad9cd8d.txt,0,0.6270833333333333,0.2701388888888889,0.12638888888888888,0.15416666666666667,0.019484953703703702
train,img-278_jpg.rf.59aabb4c0e30640a912b669ebad9cd8d.txt,0,0.35347222222222224,0.6194444444444445,0.12638888888888888,0.16666666666666666,0.021064814814814814
train,img-279_jpg.rf.126ee458fab6a3983e7336bd4408e701.txt,0,0.5145833333333333,0.49027777777777776,0.19305555555555556,0.175,0.03378472222222222
train,img-280_jpg.rf.53dd1da4cff0af87558cff72138794e9.txt,0,0.4791666666666667,0.49722222222222223,0.2861111111111111,0.21944444444444444,0.06278549382716049
train,img-281_jpg.rf.09e7fcea8709dc8bd7d799bd346b3d0f.txt,0,0.5076388888888889,0.4340277777777778,0.5791666666666667,0.21805555555555556,0.12629050925925928
train,img-283_jpg.rf.b8c7a6ea440f9683c3f76d5754599a4f.txt,0,0.4444444444444444,0.47847222222222224,0.29444444444444445,0.2125,0.06256944444444444
train,img-283_jpg.rf.b8c7a6ea440f9683c3f76d5754599a4f.txt,0,0.6493055555555556,0.34444444444444444,0.0763888888888889,0.06944444444444445,0.005304783950617285
train,img-283_jpg.rf.b8c7a6ea440f9683c3f76d5754599a4f.txt,0,0.21666666666666667,0.18680555555555556,0.15,0.06527777777777778,0.009791666666666667
train,img-284_jpg.rf.56a1dfdd07c542ee7af63580db90c1fb.txt,0,0.4930555555555556,0.47291666666666665,0.2777777777777778,0.23194444444444445,0.06442901234567902
train,img-284_jpg.rf.56a1dfdd07c542ee7af63580db90c1fb.txt,0,0.2798611111111111,0.5055555555555555,0.11805555555555555,0.24166666666666667,0.028530092592592593
train,img-285_jpg.rf.7f7cf6ab5dad29d75936719c450faeed.txt,0,0.48333333333333334,0.5131944444444444,0.2972222222222222,0.2847222222222222,0.08462577160493827
train,img-287_jpg.rf.19a805e3a1845683bb4f47af51b8de37.txt,0,0.456359102244389,0.6166666666666667,0.8428927680798005,0.64,0.5394513715710724
train,img-288_jpg.rf.8067a6a9d79ea3dcb37e47e1e29ef88c.txt,0,0.46716697936210133,0.15333333333333332,0.12382739212007504,0.13333333333333333,0.01651031894934334
train,img-288_jpg.rf.8067a6a9d79ea3dcb37e47e1e29ef88c.txt,0,0.6707317073170732,0.14833333333333334,0.10318949343339587,0.08333333333333333,0.008599124452782988
train,img-288_jpg.rf.8067a6a9d79ea3dcb37e47e1e29ef88c.txt,0,0.40337711069418386,0.62,0.05628517823639775,0.05333333333333334,0.00300187617260788
train,img-288_jpg.rf.8067a6a9d79ea3dcb37e47e1e29ef88c.txt,0,0.9024390243902439,0.815,0.17636022514071295,0.15,0.02645403377110694
train,img-288_jpg.rf.8067a6a9d79ea3dcb37e47e1e29ef88c.txt,0,0.6801125703564728,0.87,0.2045028142589118,0.16666666666666666,0.0340838023764853
train,img-289_jpg.rf.39d1543a1cab281dc5febdc1a16c9a4b.txt,0,0.47833333333333333,0.751131221719457,0.3566666666666667,0.26244343891402716,0.09360482654600302
train,img-290_jpg.rf.6942266560522f82066038b541027d9d.txt,0,0.49906191369606,0.7533333333333333,0.99812382739212,0.4866666666666667,0.48575359599749846
train,img-291_jpg.rf.0c1b9f687f136c9b1970efaa75d32231.txt,0,0.42257462686567165,0.81,0.6026119402985075,0.37333333333333335,0.2249751243781095
train,img-292_jpg.rf.e4018e1f8e44152360a48e5232297f2a.txt,0,0.2783333333333333,0.4222972972972973,0.53,0.22747747747747749,0.12056306306306307
train,img-292_jpg.rf.e4018e1f8e44152360a48e5232297f2a.txt,0,0.14166666666666666,0.05405405405405406,0.14333333333333334,0.036036036036036036,0.005165165165165166
train,img-292_jpg.rf.e4018e1f8e44152360a48e5232297f2a.txt,0,0.12833333333333333,0.007882882882882882,0.13,0.015765765765765764,0.0020495495495495494
train,img-293_jpg.rf.ca6c3ef3ac903d9e5263cc24099bbb61.txt,0,0.52875,0.53,0.2575,0.16666666666666666,0.042916666666666665
train,img-293_jpg.rf.ca6c3ef3ac903d9e5263cc24099bbb61.txt,0,0.80125,0.2966666666666667,0.1175,0.05333333333333334,0.006266666666666667
train,img-293_jpg.rf.ca6c3ef3ac903d9e5263cc24099bbb61.txt,0,0.32625,0.3933333333333333,0.1475,0.06666666666666667,0.009833333333333333
train,img-293_jpg.rf.ca6c3ef3ac903d9e5263cc24099bbb61.txt,0,0.2175,0.7633333333333333,0.18,0.1,0.018
train,img-295_jpg.rf.9cfbc106f3396aeb13d3f99c391ce64b.txt,0,0.4971857410881801,0.6266666666666667,0.7467166979362101,0.5266666666666666,0.39327079424640393
train,img-296_jpg.rf.3e33f2944f9d71c053850d09577d220d.txt,0,0.4806985294117647,0.5283333333333333,0.9099264705882353,0.9366666666666666,0.8522977941176471
train,img-297_jpg.rf.e43461bec653e71c229ca2c309aca359.txt,0,0.5422138836772983,0.435,0.07129455909943715,0.06333333333333334,0.0045153220762976865
train,img-297_jpg.rf.e43461bec653e71c229ca2c309aca359.txt,0,0.5694183864915572,0.38666666666666666,0.06191369606003752,0.06,0.003714821763602251
train,img-297_jpg.rf.e43461bec653e71c229ca2c309aca359.txt,0,0.4971857410881801,0.34,0.07879924953095685,0.04666666666666667,0.0036772983114446533
train,img-297_jpg.rf.e43461bec653e71c229ca2c309aca359.txt,0,0.4821763602251407,0.5483333333333333,0.28142589118198874,0.15666666666666668,0.04409005628517824
train,img-297_jpg.rf.e43461bec653e71c229ca2c309aca359.txt,0,0.4634146341463415,0.8283333333333334,0.5966228893058161,0.3233333333333333,0.19290806754221385
train,img-298_jpg.rf.cf838b3dd4c5b5cc89710916246f3a87.txt,0,0.3596881959910913,0.3466666666666667,0.26057906458797325,0.14666666666666667,0.038218262806236074
train,img-298_jpg.rf.cf838b3dd4c5b5cc89710916246f3a87.txt,0,0.6625835189309577,0.4633333333333333,0.1492204899777283,0.1,0.01492204899777283
train,img-299_jpg.rf.175bd48885a00ca91af2cde359d324ba.txt,0,0.5695364238410596,0.26,0.2560706401766004,0.28,0.07169977924944812
train,img-299_jpg.rf.175bd48885a00ca91af2cde359d324ba.txt,0,0.31346578366445915,0.6866666666666666,0.4503311258278146,0.56,0.2521854304635762
train,img-299_jpg.rf.175bd48885a00ca91af2cde359d324ba.txt,0,0.2108167770419426,0.12166666666666667,0.3598233995584989,0.24333333333333335,0.0875570272259014
train,img-2_jpg.rf.962d887972144063f0280f7969d29c23.txt,0,0.5298611111111111,0.38680555555555557,0.20972222222222223,0.12638888888888888,0.02650655864197531
train,img-2_jpg.rf.962d887972144063f0280f7969d29c23.txt,0,0.4340277777777778,0.47152777777777777,0.1375,0.11527777777777778,0.015850694444444445
train,img-2_jpg.rf.962d887972144063f0280f7969d29c23.txt,0,0.3090277777777778,0.6416666666666667,0.09305555555555556,0.1111111111111111,0.010339506172839507
train,img-301_jpg.rf.51e9d06820d0d552e497d66f5981e7a1.txt,0,0.5955056179775281,0.705,0.27715355805243447,0.23666666666666666,0.06559300873907616
train,img-301_jpg.rf.51e9d06820d0d552e497d66f5981e7a1.txt,0,0.8932584269662921,0.4866666666666667,0.20973782771535582,0.15333333333333332,0.03215980024968789
train,img-301_jpg.rf.51e9d06820d0d552e497d66f5981e7a1.txt,0,0.9578651685393258,0.9683333333333334,0.08052434456928839,0.056666666666666664,0.0045630461922596755
train,img-301_jpg.rf.51e9d06820d0d552e497d66f5981e7a1.txt,0,0.8623595505617978,0.69,0.07677902621722846,0.06666666666666667,0.00511860174781523
train,img-301_jpg.rf.51e9d06820d0d552e497d66f5981e7a1.txt,0,0.9456928838951311,0.6466666666666666,0.10112359550561797,0.04666666666666667,0.004719101123595506
train,img-302_jpg.rf.c7375ad32e8d0337bd7d27034f3764eb.txt,0,0.36125,0.5833333333333334,0.5675,0.5733333333333334,0.3253666666666667
train,img-304_jpg.rf.766574a013cc869e66df180f60295457.txt,0,0.7604373757455268,0.4216666666666667,0.47514910536779326,0.47,0.2233200795228628
train,img-304_jpg.rf.766574a013cc869e66df180f60295457.txt,0,0.24652087475149106,0.5533333333333333,0.49304174950298213,0.5933333333333334,0.2925381047051028
train,img-305_jpg.rf.564405f2ae91fe75f3f54639e295f1e2.txt,0,0.4547038327526132,0.515,0.09059233449477352,0.11666666666666667,0.010569105691056912
train,img-305_jpg.rf.564405f2ae91fe75f3f54639e295f1e2.txt,0,0.7491289198606271,0.7283333333333334,0.18466898954703834,0.20333333333333334,0.0375493612078978
train,img-306_jpg.rf.67a9eb5c5890617d59e58e98a0a86d69.txt,0,0.3799249530956848,0.635,0.4446529080675422,0.53,0.23566604127579738
train,img-306_jpg.rf.67a9eb5c5890617d59e58e98a0a86d69.txt,0,0.8902439024390244,0.72,0.21575984990619138,0.3933333333333333,0.08486554096310193
train,img-309_jpg.rf.e8b8a5e1969e8e71b448aa7c83206264.txt,0,0.49530956848030017,0.43833333333333335,0.9906191369606003,0.49666666666666665,0.4920075046904315
train,img-30_jpg.rf.57889ecb807059b4adc0032995228d2a.txt,0,0.5,0.5090277777777777,0.2638888888888889,0.32083333333333336,0.08466435185185187
train,img-30_jpg.rf.57889ecb807059b4adc0032995228d2a.txt,0,0.029861111111111113,0.28958333333333336,0.059722222222222225,0.08472222222222223,0.00505979938271605
train,img-30_jpg.rf.57889ecb807059b4adc0032995228d2a.txt,0,0.35555555555555557,0.18541666666666667,0.06666666666666667,0.0625,0.004166666666666667
train,img-310_jpg.rf.30a2a42ac01cf4b630874592f4d801ef.txt,0,0.43680709534368073,0.49833333333333335,0.2394678492239468,0.08333333333333333,0.019955654101995565
train,img-310_jpg.rf.30a2a42ac01cf4b630874592f4d801ef.txt,0,0.8348115299334812,0.36,0.16186252771618626,0.06,0.009711751662971176
train,img-310_jpg.rf.30a2a42ac01cf4b630874592f4d801ef.txt,0,0.6252771618625277,0.7183333333333334,0.5942350332594235,0.38333333333333336,0.22779009608277903
train,img-313_jpg.rf.9ba7cf2cdf11c9fe19b4ad52db2ecac7.txt,0,0.16875,0.45166666666666666,0.0975,0.043333333333333335,0.0042250000000000005
train,img-313_jpg.rf.9ba7cf2cdf11c9fe19b4ad52db2ecac7.txt,0,0.49875,0.74,0.9975,0.5133333333333333,0.51205
train,img-314_jpg.rf.a3e7ac0036589996b9c9eb1eb44fb1ad.txt,0,0.4266666666666667,0.535,0.36444444444444446,0.6766666666666666,0.24660740740740741
train,img-315_jpg.rf.654c8e0f66209d380f063ed5bf9d5187.txt,0,0.5355555555555556,0.7183333333333334,0.38666666666666666,0.27666666666666667,0.10697777777777778
train,img-315_jpg.rf.654c8e0f66209d380f063ed5bf9d5187.txt,0,0.07666666666666666,0.6866666666666666,0.09555555555555556,0.08666666666666667,0.008281481481481482
train,img-315_jpg.rf.654c8e0f66209d380f063ed5bf9d5187.txt,0,0.9088888888888889,0.435,0.14666666666666667,0.05,0.007333333333333334
train,img-315_jpg.rf.654c8e0f66209d380f063ed5bf9d5187.txt,0,0.5422222222222223,0.44666666666666666,0.05333333333333334,0.03333333333333333,0.0017777777777777779
train,img-315_jpg.rf.654c8e0f66209d380f063ed5bf9d5187.txt,0,0.8622222222222222,0.7216666666666667,0.09777777777777778,0.056666666666666664,0.005540740740740741
train,img-316_jpg.rf.c144f8327780a2f710a79c3c2b5d0f07.txt,0,0.3307860262008734,0.5783333333333334,0.5,0.5166666666666667,0.25833333333333336
train,img-317_jpg.rf.770d0c5b7340eea3208d88b0800066da.txt,0,0.4955555555555556,0.4666666666666667,0.36,0.3,0.108
train,img-318_jpg.rf.3cdda5b6cffa77075c11b9bdfd8cf26f.txt,0,0.549079754601227,0.7966666666666666,0.5828220858895705,0.3,0.17484662576687116
train,img-319_jpg.rf.22b65d4f7c9aa300d0878e9424a40d67.txt,0,0.5083333333333333,0.46883468834688347,0.55,0.20596205962059622,0.11327913279132792
train,img-31_jpg.rf.04f6a2c9ec048f70c2faeb7e4193784d.txt,0,0.4625,0.47847222222222224,0.2916666666666667,0.18194444444444444,0.05306712962962963
train,img-320_jpg.rf.0765b31c7ff97bf3c391782c13bb9818.txt,0,0.49127906976744184,0.5516666666666666,0.8866279069767442,0.42333333333333334,0.3753391472868217
train,img-320_jpg.rf.0765b31c7ff97bf3c391782c13bb9818.txt,0,0.4622093023255814,0.13166666666666665,0.125,0.11666666666666667,0.014583333333333334
train,img-321_jpg.rf.663ad0ed3ef90b48f212d451aa82aba9.txt,0,0.4216666666666667,0.6033333333333334,0.8433333333333334,0.4666666666666667,0.3935555555555556
train,img-322_jpg.rf.9fd7d306b3ecd5ae42cdff1b02b0db99.txt,0,0.5011037527593819,0.5016666666666667,0.9359823399558499,0.5233333333333333,0.4898307579102281
train,img-324_jpg.rf.74f09e96882cde7edbd59f92e7ecdf02.txt,0,0.6722222222222223,0.71,0.41555555555555557,0.44,0.18284444444444445
train,img-325_jpg.rf.fc14997c5d5d229bcb148997947b64b5.txt,0,0.21106941838649157,0.4583333333333333,0.08067542213883677,0.07,0.005647279549718574
train,img-325_jpg.rf.fc14997c5d5d229bcb148997947b64b5.txt,0,0.3799249530956848,0.31166666666666665,0.18198874296435272,0.13666666666666666,0.02487179487179487
train,img-325_jpg.rf.fc14997c5d5d229bcb148997947b64b5.txt,0,0.6547842401500938,0.21833333333333332,0.09380863039399624,0.05,0.004690431519699813
train,img-325_jpg.rf.fc14997c5d5d229bcb148997947b64b5.txt,0,0.6163227016885553,0.29833333333333334,0.08818011257035648,0.08333333333333333,0.007348342714196373
train,img-325_jpg.rf.fc14997c5d5d229bcb148997947b64b5.txt,0,0.6641651031894934,0.41333333333333333,0.075046904315197,0.07333333333333333,0.005503439649781114
train,img-325_jpg.rf.fc14997c5d5d229bcb148997947b64b5.txt,0,0.8921200750469043,0.7716666666666666,0.2045028142589118,0.27,0.05521575984990619
train,img-326_jpg.rf.25f754ec5e29d2861ed7c05c1129a4dc.txt,0,0.4445701357466063,0.4166666666666667,0.4638009049773756,0.5,0.2319004524886878
train,img-327_jpg.rf.42714a663bc342d0dc175ebab152356d.txt,0,0.13083333333333333,0.45666666666666667,0.195,0.13333333333333333,0.026
train,img-327_jpg.rf.42714a663bc342d0dc175ebab152356d.txt,0,0.49416666666666664,0.475,0.5616666666666666,0.5966666666666667,0.33512777777777775
train,img-328_jpg.rf.ac423267e0e078bbc60d0e6960c5167c.txt,0,0.5514354066985646,0.7466666666666667,0.11722488038277512,0.06,0.007033492822966507
train,img-328_jpg.rf.ac423267e0e078bbc60d0e6960c5167c.txt,0,0.39952153110047844,0.6866666666666666,0.07655502392344497,0.03333333333333333,0.002551834130781499
train,img-328_jpg.rf.ac423267e0e078bbc60d0e6960c5167c.txt,0,0.29066985645933013,0.8933333333333333,0.3229665071770335,0.12,0.03875598086124402
train,img-328_jpg.rf.ac423267e0e078bbc60d0e6960c5167c.txt,0,0.3923444976076555,0.7933333333333333,0.09569377990430622,0.05333333333333334,0.005103668261562999
train,img-329_jpg.rf.622561b6e0873d93eeedcb6770b851da.txt,0,0.48650674662668664,0.8233333333333334,0.037481259370314844,0.03333333333333333,0.0012493753123438282
train,img-329_jpg.rf.622561b6e0873d93eeedcb6770b851da.txt,0,0.45952023988005997,0.7416666666666667,0.049475262368815595,0.03,0.0014842578710644678
train,img-329_jpg.rf.622561b6e0873d93eeedcb6770b851da.txt,0,0.7136431784107946,0.8033333333333333,0.047976011994003,0.05333333333333334,0.00255872063968016
train,img-329_jpg.rf.622561b6e0873d93eeedcb6770b851da.txt,0,0.7923538230884558,0.8983333333333333,0.06146926536731634,0.05,0.0030734632683658172
train,img-329_jpg.rf.622561b6e0873d93eeedcb6770b851da.txt,0,0.5427286356821589,0.9266666666666666,0.03298350824587706,0.04666666666666667,0.0015392303848075963
train,img-329_jpg.rf.622561b6e0873d93eeedcb6770b851da.txt,0,0.6049475262368815,0.8266666666666667,0.07646176911544228,0.02666666666666667,0.0020389805097451278
train,img-330_jpg.rf.d9de506be8be5a379c88f7fe78ca8253.txt,0,0.4483333333333333,0.7075,0.7366666666666667,0.51,0.37570000000000003
train,img-330_jpg.rf.d9de506be8be5a379c88f7fe78ca8253.txt,0,0.48833333333333334,0.14875,0.45666666666666667,0.1575,0.071925
train,img-331_jpg.rf.7e9a42665269c16ef3a3fde22dd626b9.txt,0,0.6407103825136612,0.8116666666666666,0.25956284153005466,0.20333333333333334,0.052777777777777785
train,img-331_jpg.rf.7e9a42665269c16ef3a3fde22dd626b9.txt,0,0.6530054644808743,0.49166666666666664,0.20765027322404372,0.09,0.018688524590163933
train,img-331_jpg.rf.7e9a42665269c16ef3a3fde22dd626b9.txt,0,0.7540983606557377,0.3883333333333333,0.18032786885245902,0.05,0.009016393442622951
train,img-331_jpg.rf.7e9a42665269c16ef3a3fde22dd626b9.txt,0,0.7663934426229508,0.31333333333333335,0.12295081967213115,0.04,0.004918032786885246
train,img-331_jpg.rf.7e9a42665269c16ef3a3fde22dd626b9.txt,0,0.6898907103825137,0.2833333333333333,0.10655737704918032,0.03333333333333333,0.0035519125683060107
train,img-331_jpg.rf.7e9a42665269c16ef3a3fde22dd626b9.txt,0,0.6434426229508197,0.25666666666666665,0.09562841530054644,0.02666666666666667,0.0025500910746812386
train,img-331_jpg.rf.7e9a42665269c16ef3a3fde22dd626b9.txt,0,0.7103825136612022,0.21666666666666667,0.06557377049180328,0.02666666666666667,0.001748633879781421
train,img-331_jpg.rf.7e9a42665269c16ef3a3fde22dd626b9.txt,0,0.4385245901639344,0.41,0.12295081967213115,0.04666666666666667,0.005737704918032787
train,img-331_jpg.rf.7e9a42665269c16ef3a3fde22dd626b9.txt,0,0.4426229508196721,0.36666666666666664,0.08743169398907104,0.04,0.0034972677595628415
train,img-331_jpg.rf.7e9a42665269c16ef3a3fde22dd626b9.txt,0,0.5368852459016393,0.315,0.07377049180327869,0.03,0.0022131147540983605
train,img-331_jpg.rf.7e9a42665269c16ef3a3fde22dd626b9.txt,0,0.3866120218579235,0.32666666666666666,0.09016393442622951,0.03333333333333333,0.003005464480874317
train,img-331_jpg.rf.7e9a42665269c16ef3a3fde22dd626b9.txt,0,0.33469945355191255,0.36833333333333335,0.06284153005464481,0.03,0.0018852459016393442
train,img-331_jpg.rf.7e9a42665269c16ef3a3fde22dd626b9.txt,0,0.07513661202185792,0.7533333333333333,0.12295081967213115,0.1,0.012295081967213115
train,img-332_jpg.rf.edbf67c28f12aff498f83cff3736dd97.txt,0,0.4947916666666667,0.7433333333333333,0.4979166666666667,0.15333333333333332,0.07634722222222222
train,img-332_jpg.rf.edbf67c28f12aff498f83cff3736dd97.txt,0,0.39479166666666665,0.5483333333333333,0.18541666666666667,0.043333333333333335,0.008034722222222223
train,img-332_jpg.rf.edbf67c28f12aff498f83cff3736dd97.txt,0,0.703125,0.465,0.2520833333333333,0.03666666666666667,0.009243055555555555
train,img-332_jpg.rf.edbf67c28f12aff498f83cff3736dd97.txt,0,0.421875,0.33166666666666667,0.28541666666666665,0.07,0.019979166666666666
train,img-332_jpg.rf.edbf67c28f12aff498f83cff3736dd97.txt,0,0.3875,0.21,0.11666666666666667,0.03333333333333333,0.0038888888888888888
train,img-333_jpg.rf.a795e5b4a275dca433e557d9dfd6acec.txt,0,0.02771618625277162,0.62,0.05543237250554324,0.05333333333333334,0.0029563932002956398
train,img-333_jpg.rf.a795e5b4a275dca433e557d9dfd6acec.txt,0,0.0598669623059867,0.5533333333333333,0.1197339246119734,0.04,0.004789356984478936
train,img-333_jpg.rf.a795e5b4a275dca433e557d9dfd6acec.txt,0,0.2039911308203991,0.5733333333333334,0.08425720620842572,0.04,0.003370288248337029
train,img-333_jpg.rf.a795e5b4a275dca433e557d9dfd6acec.txt,0,0.360310421286031,0.7116666666666667,0.2727272727272727,0.13666666666666666,0.03727272727272727
train,img-339_jpg.rf.774e42a110ef70cd2e176956b9a25254.txt,0,0.4701627486437613,0.3566666666666667,0.0433996383363472,0.04666666666666667,0.0020253164556962027
train,img-340_jpg.rf.dc85eeca2369ccd5e0f6e81ae6a9482a.txt,0,0.24666666666666667,0.34833333333333333,0.4666666666666667,0.21,0.098
train,img-340_jpg.rf.dc85eeca2369ccd5e0f6e81ae6a9482a.txt,0,0.7266666666666667,0.425,0.5422222222222223,0.15,0.08133333333333334
train,img-341_jpg.rf.7e6dcbcdf1805587819dc6cdcab56ac6.txt,0,0.30132450331125826,0.8366666666666667,0.45253863134657835,0.32,0.14481236203090508
train,img-341_jpg.rf.7e6dcbcdf1805587819dc6cdcab56ac6.txt,0,0.630242825607064,0.475,0.11258278145695365,0.11,0.012384105960264902
train,img-341_jpg.rf.7e6dcbcdf1805587819dc6cdcab56ac6.txt,0,0.9205298013245033,0.51,0.1545253863134658,0.12666666666666668,0.01957321559970567
train,img-342_jpg.rf.a635f2b522f97763152361b6b7e92ab5.txt,0,0.41555555555555557,0.735,0.8311111111111111,0.5233333333333333,0.43494814814814814
train,img-345_jpg.rf.cb2f7a70ab689aee871ec218ca2a1c17.txt,0,0.5,0.7216666666666667,0.622568093385214,0.13,0.08093385214007782
train,img-345_jpg.rf.cb2f7a70ab689aee871ec218ca2a1c17.txt,0,0.0943579766536965,0.96,0.188715953307393,0.07333333333333333,0.01383916990920882
train,img-346_jpg.rf.7579261f0cdfffb527ad924a9cf86279.txt,0,0.5318840579710145,0.6683333333333333,0.6405797101449275,0.6566666666666666,0.42064734299516904
train,img-346_jpg.rf.7579261f0cdfffb527ad924a9cf86279.txt,0,0.527536231884058,0.21166666666666667,0.16231884057971013,0.09666666666666666,0.015690821256038646
train,img-346_jpg.rf.7579261f0cdfffb527ad924a9cf86279.txt,0,0.7565217391304347,0.20666666666666667,0.09855072463768116,0.06666666666666667,0.0065700483091787444
train,img-346_jpg.rf.7579261f0cdfffb527ad924a9cf86279.txt,0,0.7811594202898551,0.28,0.05507246376811594,0.04666666666666667,0.002570048309178744
train,img-348_jpg.rf.7f69a937375f8585653476522d546025.txt,0,0.4171270718232044,0.5316666666666666,0.8121546961325967,0.93,0.755303867403315
train,img-349_jpg.rf.6641cef8561560b1437a093be86abf1e.txt,0,0.790929203539823,0.415,0.09955752212389381,0.07666666666666666,0.007632743362831858
train,img-349_jpg.rf.6641cef8561560b1437a093be86abf1e.txt,0,0.3163716814159292,0.5783333333333334,0.3672566371681416,0.3433333333333333,0.12609144542772863
train,img-349_jpg.rf.6641cef8561560b1437a093be86abf1e.txt,0,0.6261061946902655,0.6,0.07079646017699115,0.04,0.002831858407079646
train,img-349_jpg.rf.6641cef8561560b1437a093be86abf1e.txt,0,0.7212389380530974,0.8083333333333333,0.06637168141592921,0.05,0.0033185840707964606
train,img-349_jpg.rf.6641cef8561560b1437a093be86abf1e.txt,0,0.6747787610619469,0.8633333333333333,0.03982300884955752,0.03333333333333333,0.001327433628318584
train,img-349_jpg.rf.6641cef8561560b1437a093be86abf1e.txt,0,0.47123893805309736,0.2733333333333333,0.030973451327433628,0.02666666666666667,0.0008259587020648968
train,img-351_jpg.rf.123b3f4e806dcfb111186da693c996c9.txt,0,0.43808630393996245,0.665,0.8761726078799249,0.6633333333333333,0.5811944965603502
train,img-352_jpg.rf.7071e9840456e2ef41927696dddb3a5a.txt,0,0.5425,0.7166666666666667,0.685,0.5533333333333333,0.3790333333333334
train,img-352_jpg.rf.7071e9840456e2ef41927696dddb3a5a.txt,0,0.6425,0.385,0.11,0.09666666666666666,0.010633333333333333
train,img-354_jpg.rf.a4fcd1798fe466fa035172521e93fe6d.txt,0,0.345,0.6916666666666667,0.155,0.07,0.01085
train,img-354_jpg.rf.a4fcd1798fe466fa035172521e93fe6d.txt,0,0.58625,0.5916666666666667,0.2275,0.09666666666666666,0.021991666666666666
train,img-354_jpg.rf.a4fcd1798fe466fa035172521e93fe6d.txt,0,0.73875,0.8766666666666667,0.1825,0.1,0.01825
train,img-354_jpg.rf.a4fcd1798fe466fa035172521e93fe6d.txt,0,0.30625,0.97,0.2075,0.05333333333333334,0.011066666666666667
train,img-354_jpg.rf.a4fcd1798fe466fa035172521e93fe6d.txt,0,0.84625,0.6916666666666667,0.0975,0.03666666666666667,0.003575
train,img-355_jpg.rf.9cddc7f638d211138c7f3d79550da363.txt,0,0.525,0.50625,0.15666666666666668,0.0875,0.013708333333333333
train,img-356_jpg.rf.4b2038d60de2fe914265bcb23cf05f89.txt,0,0.2898686679174484,0.835,0.26454033771106944,0.23666666666666666,0.0626078799249531
train,img-357_jpg.rf.3fa531a04a46be8fbe22849b9bceead6.txt,0,0.49448123620309054,0.5616666666666666,0.5518763796909493,0.29,0.1600441501103753
train,img-358_jpg.rf.443b2ea93c68765f0fe6722fa937cd6c.txt,0,0.115,0.5366666666666666,0.215,0.16666666666666666,0.03583333333333333
train,img-358_jpg.rf.443b2ea93c68765f0fe6722fa937cd6c.txt,0,0.5475,0.57,0.615,0.32,0.1968
train,img-359_jpg.rf.6d9d100005eb3f84f3de55b14b854b18.txt,0,0.17888888888888888,0.345,0.2866666666666667,0.11,0.03153333333333334
train,img-359_jpg.rf.6d9d100005eb3f84f3de55b14b854b18.txt,0,0.12333333333333334,0.26,0.06888888888888889,0.04,0.002755555555555556
train,img-359_jpg.rf.6d9d100005eb3f84f3de55b14b854b18.txt,0,0.4866666666666667,0.6133333333333333,0.8577777777777778,0.4,0.34311111111111114
train,img-360_jpg.rf.c4d38dde7ae1c773e6b3fb8e5d75bb77.txt,0,0.5633333333333334,0.6990950226244343,0.32666666666666666,0.167420814479638,0.05469079939668174
train,img-360_jpg.rf.c4d38dde7ae1c773e6b3fb8e5d75bb77.txt,0,0.7266666666666667,0.9423076923076923,0.2733333333333333,0.07918552036199095,0.021644042232277522
train,img-360_jpg.rf.c4d38dde7ae1c773e6b3fb8e5d75bb77.txt,0,0.7483333333333333,0.6266968325791855,0.24333333333333335,0.07692307692307693,0.01871794871794872
train,img-360_jpg.rf.c4d38dde7ae1c773e6b3fb8e5d75bb77.txt,0,0.845,0.5463800904977375,0.30333333333333334,0.038461538461538464,0.011666666666666667
train,img-360_jpg.rf.c4d38dde7ae1c773e6b3fb8e5d75bb77.txt,0,0.5966666666666667,0.4751131221719457,0.29333333333333333,0.04072398190045249,0.011945701357466063
train,img-360_jpg.rf.c4d38dde7ae1c773e6b3fb8e5d75bb77.txt,0,0.58,0.43778280542986425,0.2733333333333333,0.01583710407239819,0.0043288084464555045
train,img-360_jpg.rf.c4d38dde7ae1c773e6b3fb8e5d75bb77.txt,0,0.5016666666666667,0.3947963800904977,0.13666666666666666,0.020361990950226245,0.0027828054298642533
train,img-361_jpg.rf.be4588f913f1e787f897058202e2b1c6.txt,0,0.6913696060037523,0.49,0.4634146341463415,0.6,0.2780487804878049
train,img-365_jpg.rf.164b210367824d2f385b0619f236abf4.txt,0,0.797723292469352,0.42,0.10683012259194395,0.05333333333333334,0.005697606538237011
train,img-365_jpg.rf.164b210367824d2f385b0619f236abf4.txt,0,0.8581436077057794,0.53,0.28021015761821366,0.16666666666666666,0.046701692936368944
train,img-365_jpg.rf.164b210367824d2f385b0619f236abf4.txt,0,0.30385288966725044,0.6283333333333333,0.6077057793345009,0.3566666666666667,0.2167483946293053
train,img-365_jpg.rf.164b210367824d2f385b0619f236abf4.txt,0,0.8747810858143608,0.8683333333333333,0.2469352014010508,0.25666666666666665,0.0633800350262697
train,img-366_jpg.rf.d13288366b0bb14beace0ba289956039.txt,0,0.4264069264069264,0.6133333333333333,0.8181818181818182,0.41333333333333333,0.3381818181818182
train,img-367_jpg.rf.299c5300a46524bfd3b2ae5e2a7398e8.txt,0,0.4521158129175947,0.4816666666666667,0.24053452115812918,0.43,0.10342984409799555
train,img-372_jpg.rf.b3b86d6dfb24732444b95825c42f9422.txt,0,0.46868475991649267,0.6766666666666666,0.35281837160751567,0.31333333333333335,0.11054975643702158
train,img-374_jpg.rf.9ec3835feb04e376c4bc09ab1c1dde32.txt,0,0.46866840731070497,0.7833333333333333,0.4621409921671018,0.26666666666666666,0.12323759791122714
train,img-374_jpg.rf.9ec3835feb04e376c4bc09ab1c1dde32.txt,0,0.7480417754569191,0.35333333333333333,0.32114882506527415,0.06,0.019268929503916447
train,img-374_jpg.rf.9ec3835feb04e376c4bc09ab1c1dde32.txt,0,0.05352480417754569,0.30666666666666664,0.10704960835509138,0.02666666666666667,0.0028546562228024368
train,img-375_jpg.rf.bf26033ba64d588063cee3a0c97616db.txt,0,0.33666666666666667,0.805,0.2111111111111111,0.11666666666666667,0.02462962962962963
train,img-375_jpg.rf.bf26033ba64d588063cee3a0c97616db.txt,0,0.4177777777777778,0.64,0.12,0.04,0.0048
train,img-376_jpg.rf.39c24ad78c32a6c855e8bbe60ad04d1f.txt,0,0.36886792452830186,0.5783333333333334,0.14528301886792452,0.07,0.010169811320754717
train,img-376_jpg.rf.39c24ad78c32a6c855e8bbe60ad04d1f.txt,0,0.6632075471698113,0.6583333333333333,0.12641509433962264,0.08333333333333333,0.010534591194968553
train,img-377_jpg.rf.f7a5ae59d67aa24154dbe3931405fc57.txt,0,0.48408239700374533,0.18833333333333332,0.09176029962546817,0.03,0.002752808988764045
train,img-377_jpg.rf.f7a5ae59d67aa24154dbe3931405fc57.txt,0,0.49157303370786515,0.65,0.4812734082397004,0.42,0.20213483146067415
train,img-379_jpg.rf.53d08ef1089264ceb2229544ec31f988.txt,0,0.48823529411764705,0.64,0.3788235294117647,0.18,0.06818823529411765
train,img-380_jpg.rf.0211b9d66b12bdee8d05b9ba890573dc.txt,0,0.49444444444444446,0.465,0.7533333333333333,0.6766666666666666,0.5097555555555555
train,img-381_jpg.rf.69479c9b59804c60e3e0c7c2269d3712.txt,0,0.515,0.54125,0.6566666666666666,0.4575,0.300425
train,img-383_jpg.rf.abedcd4fce7e8e17889e1bd4274447ba.txt,0,0.17176470588235293,0.545,0.11764705882352941,0.05,0.0058823529411764705
train,img-383_jpg.rf.abedcd4fce7e8e17889e1bd4274447ba.txt,0,0.27647058823529413,0.6333333333333333,0.09176470588235294,0.06,0.005505882352941176
train,img-383_jpg.rf.abedcd4fce7e8e17889e1bd4274447ba.txt,0,0.40352941176470586,0.5283333333333333,0.1011764705882353,0.043333333333333335,0.0043843137254901965
train,img-383_jpg.rf.abedcd4fce7e8e17889e1bd4274447ba.txt,0,0.6376470588235295,0.5866666666666667,0.12705882352941175,0.06,0.007623529411764705
train,img-383_jpg.rf.abedcd4fce7e8e17889e1bd4274447ba.txt,0,0.5023529411764706,0.7733333333333333,0.3411764705882353,0.13333333333333333,0.045490196078431376
train,img-383_jpg.rf.abedcd4fce7e8e17889e1bd4274447ba.txt,0,0.058823529411764705,0.43833333333333335,0.11764705882352941,0.03666666666666667,0.004313725490196078
train,img-383_jpg.rf.abedcd4fce7e8e17889e1bd4274447ba.txt,0,0.30470588235294116,0.4166666666666667,0.06823529411764706,0.02666666666666667,0.001819607843137255
train,img-384_jpg.rf.52f9bf925832084c3778e4d0de4dfb56.txt,0,0.6268656716417911,0.5966666666666667,0.5323383084577115,0.5266666666666666,0.2803648424543947
train,img-384_jpg.rf.52f9bf925832084c3778e4d0de4dfb56.txt,0,0.22761194029850745,0.2833333333333333,0.291044776119403,0.21333333333333335,0.062089552238805974
train,img-385_jpg.rf.3e1cef7e8251f4c7a1abbafd5ec599bc.txt,0,0.5164113785557987,0.5816666666666667,0.8927789934354485,0.6833333333333333,0.6100656455142232
train,img-388_jpg.rf.7ceda8808d1df8e7568c123af5bca8bf.txt,0,0.46375,0.58,0.1925,0.25333333333333335,0.04876666666666667
train,img-388_jpg.rf.7ceda8808d1df8e7568c123af5bca8bf.txt,0,0.47125,0.3233333333333333,0.0575,0.04,0.0023
train,img-389_jpg.rf.14f171b109308eeab6e83e7795c11016.txt,0,0.4552083333333333,0.3616666666666667,0.18958333333333333,0.09,0.017062499999999998
train,img-389_jpg.rf.14f171b109308eeab6e83e7795c11016.txt,0,0.7927083333333333,0.355,0.23541666666666666,0.05,0.011770833333333335
train,img-389_jpg.rf.14f171b109308eeab6e83e7795c11016.txt,0,0.5947916666666667,0.24333333333333335,0.13541666666666666,0.02666666666666667,0.003611111111111111
train,img-389_jpg.rf.14f171b109308eeab6e83e7795c11016.txt,0,0.45729166666666665,0.4683333333333333,0.08541666666666667,0.056666666666666664,0.0048402777777777775
train,img-389_jpg.rf.14f171b109308eeab6e83e7795c11016.txt,0,0.253125,0.7633333333333333,0.5020833333333333,0.4666666666666667,0.23430555555555554
train,img-38_jpg.rf.afd62a6bd8518395cf339db67500b1e1.txt,0,0.4875,0.4618055555555556,0.3138888888888889,0.31527777777777777,0.09896219135802468
train,img-38_jpg.rf.afd62a6bd8518395cf339db67500b1e1.txt,0,0.5951388888888889,0.26180555555555557,0.09027777777777778,0.059722222222222225,0.005391589506172839
train,img-391_jpg.rf.27e945dce7258e1d272a2a273b02ef08.txt,0,0.79,0.76,0.105,0.1,0.0105
train,img-391_jpg.rf.27e945dce7258e1d272a2a273b02ef08.txt,0,0.5275,0.44166666666666665,0.39,0.33,0.1287
train,img-391_jpg.rf.27e945dce7258e1d272a2a273b02ef08.txt,0,0.28375,0.2733333333333333,0.1925,0.12,0.0231
train,img-391_jpg.rf.27e945dce7258e1d272a2a273b02ef08.txt,0,0.0875,0.20166666666666666,0.095,0.07666666666666666,0.007283333333333333
train,img-391_jpg.rf.27e945dce7258e1d272a2a273b02ef08.txt,0,0.02625,0.115,0.0525,0.05,0.002625
train,img-392_jpg.rf.a74441b6f7c2332e3e553548670a315b.txt,0,0.5723830734966593,0.665,0.1915367483296214,0.06333333333333334,0.012130660727542689
train,img-392_jpg.rf.a74441b6f7c2332e3e553548670a315b.txt,0,0.6659242761692651,0.9733333333333334,0.42316258351893093,0.04666666666666667,0.019747587230883445
train,img-393_jpg.rf.9b0541a344853293e9ea03214f6619ce.txt,0,0.5011111111111111,0.3983333333333333,0.3088888888888889,0.14333333333333334,0.04427407407407408
train,img-393_jpg.rf.9b0541a344853293e9ea03214f6619ce.txt,0,0.48,0.755,0.28444444444444444,0.19666666666666666,0.055940740740740735
train,img-395_jpg.rf.84ca6b6e04caa7480cfa0287417576b1.txt,0,0.5144124168514412,0.5016666666666667,0.06651884700665188,0.03666666666666667,0.0024390243902439024
train,img-395_jpg.rf.84ca6b6e04caa7480cfa0287417576b1.txt,0,0.15631929046563192,0.7683333333333333,0.188470066518847,0.14333333333333334,0.027014042867701406
train,img-395_jpg.rf.84ca6b6e04caa7480cfa0287417576b1.txt,0,0.47339246119733924,0.8033333333333333,0.2328159645232816,0.14,0.03259423503325943
train,img-396_jpg.rf.af26b72d42bbf054aee8f62025ea2bf8.txt,0,0.49906191369606,0.4716666666666667,0.99812382739212,0.69,0.6887054409005627
train,img-39_jpg.rf.a4ba4e9ad51da5bf7e864ca580d09931.txt,0,0.4666666666666667,0.49444444444444446,0.36944444444444446,0.40555555555555556,0.14983024691358027
train,img-3_jpg.rf.64d155e488ceaac83020a728ca1f70d1.txt,0,0.5333333333333333,0.5069444444444444,0.3111111111111111,0.2833333333333333,0.08814814814814814
train,img-401_jpg.rf.e3fe79f6f1c41b1dd0ce8ea904b39401.txt,0,0.5806754221388368,0.71,0.5834896810506567,0.16666666666666666,0.09724828017510945
train,img-403_jpg.rf.8357bd90d082e6c78a660f605c08ad2e.txt,0,0.5958254269449715,0.7116666666666667,0.6679316888045541,0.36333333333333334,0.24268184693232134
train,img-404_jpg.rf.be12da25b2c38b58291a3a7fe817ef57.txt,0,0.5910064239828694,0.59,0.4796573875802998,0.5866666666666667,0.2813990007137759
train,img-404_jpg.rf.be12da25b2c38b58291a3a7fe817ef57.txt,0,0.2398286937901499,0.5366666666666666,0.09850107066381156,0.08,0.007880085653104925
train,img-404_jpg.rf.be12da25b2c38b58291a3a7fe817ef57.txt,0,0.16916488222698073,0.3416666666666667,0.09850107066381156,0.09666666666666666,0.00952177016416845
train,img-405_jpg.rf.d5138c07ca2b4fc213fc12a978cbf6f8.txt,0,0.33375,0.83,0.2825,0.32666666666666666,0.09228333333333333
train,img-405_jpg.rf.d5138c07ca2b4fc213fc12a978cbf6f8.txt,0,0.1625,0.4533333333333333,0.325,0.22,0.07150000000000001
train,img-405_jpg.rf.d5138c07ca2b4fc213fc12a978cbf6f8.txt,0,0.37875,0.455,0.1025,0.09,0.009224999999999999
train,img-405_jpg.rf.d5138c07ca2b4fc213fc12a978cbf6f8.txt,0,0.6325,0.635,0.295,0.23666666666666666,0.06981666666666667
train,img-405_jpg.rf.d5138c07ca2b4fc213fc12a978cbf6f8.txt,0,0.64,0.43166666666666664,0.27,0.13,0.035100000000000006
train,img-405_jpg.rf.d5138c07ca2b4fc213fc12a978cbf6f8.txt,0,0.68,0.31166666666666665,0.145,0.07,0.010150000000000001
train,img-405_jpg.rf.d5138c07ca2b4fc213fc12a978cbf6f8.txt,0,0.45875,0.29,0.1275,0.05333333333333334,0.0068000000000000005
train,img-405_jpg.rf.d5138c07ca2b4fc213fc12a978cbf6f8.txt,0,0.9575,0.5933333333333334,0.08,0.10666666666666667,0.008533333333333334
train,img-406_jpg.rf.39cc95c25d12800f852e45989ec1803e.txt,0,0.579295154185022,0.5366666666666666,0.8370044052863436,0.8,0.6696035242290749
train,img-407_jpg.rf.b30b42dfc9436ec4303a76932d9387cb.txt,0,0.24,0.63,0.155,0.04,0.0062
train,img-407_jpg.rf.b30b42dfc9436ec4303a76932d9387cb.txt,0,0.175,0.7633333333333333,0.165,0.08,0.013200000000000002
train,img-407_jpg.rf.b30b42dfc9436ec4303a76932d9387cb.txt,0,0.5225,0.8633333333333333,0.295,0.18,0.053099999999999994
train,img-407_jpg.rf.b30b42dfc9436ec4303a76932d9387cb.txt,0,0.79875,0.6166666666666667,0.1125,0.04,0.0045000000000000005
train,img-407_jpg.rf.b30b42dfc9436ec4303a76932d9387cb.txt,0,0.85625,0.7283333333333334,0.1775,0.07666666666666666,0.013608333333333332
train,img-407_jpg.rf.b30b42dfc9436ec4303a76932d9387cb.txt,0,0.95375,0.8766666666666667,0.0875,0.13333333333333333,0.011666666666666665
train,img-407_jpg.rf.b30b42dfc9436ec4303a76932d9387cb.txt,0,0.49375,0.49333333333333335,0.1825,0.04666666666666667,0.008516666666666667
train,img-407_jpg.rf.b30b42dfc9436ec4303a76932d9387cb.txt,0,0.30375,0.435,0.0625,0.03666666666666667,0.0022916666666666667
train,img-407_jpg.rf.b30b42dfc9436ec4303a76932d9387cb.txt,0,0.43625,0.36,0.0825,0.02666666666666667,0.0022
train,img-408_jpg.rf.633d54163fde7adb41cbac7bc690b34f.txt,0,0.5566666666666666,0.62,0.16666666666666666,0.06666666666666667,0.01111111111111111
train,img-408_jpg.rf.633d54163fde7adb41cbac7bc690b34f.txt,0,0.63,0.535,0.06,0.03,0.0018
train,img-408_jpg.rf.633d54163fde7adb41cbac7bc690b34f.txt,0,0.41333333333333333,0.8583333333333333,0.31555555555555553,0.2633333333333333,0.08309629629629628
train,img-409_jpg.rf.5cdc33b00522ed3ddf0e43a2f1720c83.txt,0,0.12857142857142856,0.705,0.2087912087912088,0.17666666666666667,0.036886446886446884
train,img-409_jpg.rf.5cdc33b00522ed3ddf0e43a2f1720c83.txt,0,0.6384615384615384,0.345,0.5340659340659341,0.27,0.1441978021978022
train,img-409_jpg.rf.5cdc33b00522ed3ddf0e43a2f1720c83.txt,0,0.6747252747252748,0.7416666666666667,0.14945054945054945,0.23,0.03437362637362638
train,img-40_jpg.rf.bbdba0361130b13cc0e77e2f80b6e3d7.txt,0,0.5180555555555556,0.48541666666666666,0.28888888888888886,0.35138888888888886,0.10151234567901232
train,img-412_jpg.rf.c3344901cc1646179c93d2e8cd1b4444.txt,0,0.5244444444444445,0.7183333333333334,0.4177777777777778,0.37666666666666665,0.15736296296296295
train,img-412_jpg.rf.c3344901cc1646179c93d2e8cd1b4444.txt,0,0.05555555555555555,0.47,0.1111111111111111,0.08,0.008888888888888889
train,img-413_jpg.rf.a81aa42a7782099f9921156e3161a2a9.txt,0,0.22420262664165103,0.5466666666666666,0.15947467166979362,0.06,0.009568480300187617
train,img-413_jpg.rf.a81aa42a7782099f9921156e3161a2a9.txt,0,0.5215759849906192,0.43,0.16135084427767354,0.04666666666666667,0.007529706066291432
train,img-413_jpg.rf.a81aa42a7782099f9921156e3161a2a9.txt,0,0.6341463414634146,0.5366666666666666,0.2326454033771107,0.1,0.02326454033771107
train,img-414_jpg.rf.7dc1ae061e468ac362211f99e8f9c274.txt,0,0.3940774487471526,0.6066666666666667,0.6970387243735763,0.5,0.34851936218678814
train,img-416_jpg.rf.dbafb3032c842862507a7c18c2df2b7d.txt,0,0.2017353579175705,0.2633333333333333,0.22559652928416485,0.10666666666666667,0.024063629790310917
train,img-416_jpg.rf.dbafb3032c842862507a7c18c2df2b7d.txt,0,0.5563991323210412,0.5316666666666666,0.4924078091106291,0.33666666666666667,0.16577729573391178
train,img-418_jpg.rf.9c8b8c7bb6b6b0bd055e00e59bdd8914.txt,0,0.1322222222222222,0.5033333333333333,0.12222222222222222,0.04666666666666667,0.005703703703703704
train,img-418_jpg.rf.9c8b8c7bb6b6b0bd055e00e59bdd8914.txt,0,0.04666666666666667,0.5816666666666667,0.09333333333333334,0.07666666666666666,0.007155555555555556
train,img-418_jpg.rf.9c8b8c7bb6b6b0bd055e00e59bdd8914.txt,0,0.09888888888888889,0.8033333333333333,0.19777777777777777,0.1,0.01977777777777778
train,img-418_jpg.rf.9c8b8c7bb6b6b0bd055e00e59bdd8914.txt,0,0.4288888888888889,0.5816666666666667,0.19555555555555557,0.11666666666666667,0.022814814814814816
train,img-418_jpg.rf.9c8b8c7bb6b6b0bd055e00e59bdd8914.txt,0,0.68,0.42333333333333334,0.13777777777777778,0.07333333333333333,0.010103703703703703
train,img-418_jpg.rf.9c8b8c7bb6b6b0bd055e00e59bdd8914.txt,0,0.6066666666666667,0.32666666666666666,0.07555555555555556,0.02666666666666667,0.0020148148148148148
train,img-418_jpg.rf.9c8b8c7bb6b6b0bd055e00e59bdd8914.txt,0,0.042222222222222223,0.30666666666666664,0.08444444444444445,0.05333333333333334,0.004503703703703704
train,img-419_jpg.rf.afba61803c37a1b0e4e3232dafb7be72.txt,0,0.1696230598669623,0.765,0.3392461197339246,0.4633333333333333,0.1571840354767184
train,img-419_jpg.rf.afba61803c37a1b0e4e3232dafb7be72.txt,0,0.6097560975609756,0.355,0.30155210643015523,0.6233333333333333,0.18796747967479674
train,img-420_jpg.rf.3e311b9bdc9b3932e270f5402d4e4529.txt,0,0.46444444444444444,0.5316666666666666,0.6311111111111111,0.36333333333333334,0.2293037037037037
train,img-422_jpg.rf.8fa888de91dfb1a6c6980d3e8bf0252e.txt,0,0.5444444444444444,0.74,0.8888888888888888,0.43333333333333335,0.3851851851851852
train,img-424_jpg.rf.5178a699e9c56cf7ba61ede4751b6696.txt,0,0.4831144465290807,0.56,0.7861163227016885,0.5066666666666667,0.3982989368355222
train,img-425_jpg.rf.ff4c598bfc259fbbb8f8d0e3a6eff1fb.txt,0,0.3875,0.7483333333333333,0.335,0.16333333333333333,0.05471666666666667
train,img-425_jpg.rf.ff4c598bfc259fbbb8f8d0e3a6eff1fb.txt,0,0.7675,0.5966666666666667,0.39,0.1,0.03900000000000001
train,img-426_jpg.rf.18bab6ba48f960ed751cb35d1f628523.txt,0,0.3641666666666667,0.5366666666666666,0.7283333333333334,0.7333333333333333,0.5341111111111111
train,img-427_jpg.rf.2031f93af77c47391e2b6963f7536621.txt,0,0.47,0.42333333333333334,0.66,0.35333333333333333,0.23320000000000002
train,img-428_jpg.rf.087cca8e9d34735c3cd1289956c36b71.txt,0,0.47,0.8848314606741573,0.36666666666666664,0.1404494382022472,0.05149812734082397
train,img-428_jpg.rf.087cca8e9d34735c3cd1289956c36b71.txt,0,0.295,0.6235955056179775,0.19,0.06179775280898876,0.011741573033707865
train,img-428_jpg.rf.087cca8e9d34735c3cd1289956c36b71.txt,0,0.6083333333333333,0.5632022471910112,0.17666666666666667,0.05898876404494382,0.010421348314606742
train,img-428_jpg.rf.087cca8e9d34735c3cd1289956c36b71.txt,0,0.58,0.4606741573033708,0.10666666666666667,0.033707865168539325,0.0035955056179775282
train,img-428_jpg.rf.087cca8e9d34735c3cd1289956c36b71.txt,0,0.46166666666666667,0.45365168539325845,0.11,0.025280898876404494,0.0027808988764044945
train,img-428_jpg.rf.087cca8e9d34735c3cd1289956c36b71.txt,0,0.5366666666666666,0.38202247191011235,0.12666666666666668,0.02247191011235955,0.0028464419475655433
train,img-429_jpg.rf.388ca2fa7461b636f9a349bee8fcafbc.txt,0,0.5028142589118199,0.425,0.8142589118198874,0.4033333333333333,0.32841776110068793
train,img-429_jpg.rf.388ca2fa7461b636f9a349bee8fcafbc.txt,0,0.23452157598499063,0.8433333333333334,0.31894934333958724,0.22666666666666666,0.07229518449030643
train,img-431_jpg.rf.0a68887499a4ed36c65f33a890a83afd.txt,0,0.25046904315197,0.6333333333333333,0.15947467166979362,0.1,0.015947467166979364
train,img-431_jpg.rf.0a68887499a4ed36c65f33a890a83afd.txt,0,0.5178236397748592,0.75,0.5928705440900562,0.19333333333333333,0.11462163852407754
train,img-431_jpg.rf.0a68887499a4ed36c65f33a890a83afd.txt,0,0.7542213883677298,0.9233333333333333,0.4878048780487805,0.14666666666666667,0.07154471544715447
train,img-431_jpg.rf.0a68887499a4ed36c65f33a890a83afd.txt,0,0.2926829268292683,0.9633333333333334,0.17636022514071295,0.06,0.010581613508442776
train,img-433_jpg.rf.3e3f8c9689f1e9f3068c86c1c0295c8f.txt,0,0.515,0.47,0.345,0.38,0.1311
train,img-433_jpg.rf.3e3f8c9689f1e9f3068c86c1c0295c8f.txt,0,0.28375,0.16,0.2825,0.28,0.0791
train,img-435_jpg.rf.d9ff2d1d19d49c2a96663dcaa4a83330.txt,0,0.7063227953410982,0.845,0.3011647254575707,0.18333333333333332,0.05521353300055463
train,img-436_jpg.rf.319891088041e59c31bb3d55aad586e3.txt,0,0.9447565543071161,0.6333333333333333,0.08052434456928839,0.04666666666666667,0.0037578027465667917
train,img-436_jpg.rf.319891088041e59c31bb3d55aad586e3.txt,0,0.7827715355805244,0.605,0.16104868913857678,0.09666666666666666,0.015568039950062422
train,img-436_jpg.rf.319891088041e59c31bb3d55aad586e3.txt,0,0.602996254681648,0.56,0.08614232209737828,0.08666666666666667,0.007465667915106118
train,img-436_jpg.rf.319891088041e59c31bb3d55aad586e3.txt,0,0.5046816479400749,0.545,0.11797752808988764,0.11666666666666667,0.013764044943820225
train,img-436_jpg.rf.319891088041e59c31bb3d55aad586e3.txt,0,0.49250936329588013,0.445,0.0449438202247191,0.043333333333333335,0.001947565543071161
train,img-436_jpg.rf.319891088041e59c31bb3d55aad586e3.txt,0,0.350187265917603,0.4683333333333333,0.09363295880149813,0.043333333333333335,0.004057428214731586
train,img-436_jpg.rf.319891088041e59c31bb3d55aad586e3.txt,0,0.3895131086142322,0.7,0.37453183520599254,0.15333333333333332,0.05742821473158552
train,img-437_jpg.rf.d2615be876ea3a1d9fa99d3039c97756.txt,0,0.49906191369606,0.605,0.99812382739212,0.49666666666666665,0.49573483427141957
train,img-439_jpg.rf.e2750e5ed7bfd8910e9addda51e0c6dd.txt,0,0.4692982456140351,0.5133333333333333,0.6812865497076024,0.5466666666666666,0.3724366471734893
train,img-439_jpg.rf.e2750e5ed7bfd8910e9addda51e0c6dd.txt,0,0.5387426900584795,0.23666666666666666,0.11257309941520467,0.10666666666666667,0.012007797270955165
train,img-439_jpg.rf.e2750e5ed7bfd8910e9addda51e0c6dd.txt,0,0.658625730994152,0.1,0.1915204678362573,0.08666666666666667,0.016598440545808966
train,img-441_jpg.rf.f99cdb8fbd1cff1a5778200efd2e7b07.txt,0,0.47373358348968103,0.4683333333333333,0.32833020637898686,0.18333333333333332,0.06019387116948092
train,img-441_jpg.rf.f99cdb8fbd1cff1a5778200efd2e7b07.txt,0,0.8442776735459663,0.57,0.12382739212007504,0.08,0.009906191369606004
train,img-441_jpg.rf.f99cdb8fbd1cff1a5778200efd2e7b07.txt,0,0.2795497185741088,0.3616666666666667,0.0600375234521576,0.03666666666666667,0.0022013758599124453
train,img-442_jpg.rf.d31f41baf9027c5d39e36f2a3403bc93.txt,0,0.4811111111111111,0.54,0.24222222222222223,0.22666666666666666,0.054903703703703705
train,img-444_jpg.rf.d2c0751cc106650d2aac5fa76a15d521.txt,0,0.42358078602620086,0.57,0.1615720524017467,0.14,0.022620087336244543
train,img-444_jpg.rf.d2c0751cc106650d2aac5fa76a15d521.txt,0,0.46943231441048033,0.41833333333333333,0.09170305676855896,0.06333333333333334,0.005807860262008735
train,img-444_jpg.rf.d2c0751cc106650d2aac5fa76a15d521.txt,0,0.7925764192139738,0.49333333333333335,0.1615720524017467,0.09333333333333334,0.015080058224163027
train,img-444_jpg.rf.d2c0751cc106650d2aac5fa76a15d521.txt,0,0.9421397379912664,0.5333333333333333,0.09388646288209607,0.04,0.0037554585152838427
train,img-444_jpg.rf.d2c0751cc106650d2aac5fa76a15d521.txt,0,0.7292576419213974,0.57,0.11790393013100436,0.09333333333333334,0.011004366812227075
train,img-444_jpg.rf.d2c0751cc106650d2aac5fa76a15d521.txt,0,0.6790393013100436,0.8616666666666667,0.29694323144104806,0.27,0.08017467248908298
train,img-444_jpg.rf.d2c0751cc106650d2aac5fa76a15d521.txt,0,0.3067685589519651,0.29833333333333334,0.04585152838427948,0.03,0.0013755458515283844
train,img-444_jpg.rf.d2c0751cc106650d2aac5fa76a15d521.txt,0,0.259825327510917,0.2683333333333333,0.03056768558951965,0.016666666666666666,0.0005094614264919942
train,img-445_jpg.rf.3ce61abb7f716b154c85baf505ebf533.txt,0,0.527431421446384,0.5583333333333333,0.6957605985037406,0.4033333333333333,0.2806234413965087
train,img-445_jpg.rf.3ce61abb7f716b154c85baf505ebf533.txt,0,0.4014962593516209,0.10666666666666667,0.1546134663341646,0.04666666666666667,0.007215295095594348
train,img-446_jpg.rf.0f94b72ee4208b8b4b64ecb5bb046bda.txt,0,0.5164141414141414,0.36666666666666664,0.08838383838383838,0.03333333333333333,0.002946127946127946
train,img-446_jpg.rf.0f94b72ee4208b8b4b64ecb5bb046bda.txt,0,0.48737373737373735,0.33,0.06060606060606061,0.03333333333333333,0.00202020202020202
train,img-446_jpg.rf.0f94b72ee4208b8b4b64ecb5bb046bda.txt,0,0.4305555555555556,0.30333333333333334,0.05303030303030303,0.02,0.0010606060606060607
train,img-446_jpg.rf.0f94b72ee4208b8b4b64ecb5bb046bda.txt,0,0.4722222222222222,0.45666666666666667,0.08585858585858586,0.02666666666666667,0.0022895622895622897
train,img-446_jpg.rf.0f94b72ee4208b8b4b64ecb5bb046bda.txt,0,0.5303030303030303,0.5083333333333333,0.16666666666666666,0.06333333333333334,0.010555555555555556
train,img-446_jpg.rf.0f94b72ee4208b8b4b64ecb5bb046bda.txt,0,0.6325757575757576,0.65,0.3207070707070707,0.14666666666666667,0.04703703703703704
train,img-446_jpg.rf.0f94b72ee4208b8b4b64ecb5bb046bda.txt,0,0.4797979797979798,0.8433333333333334,0.11616161616161616,0.08,0.009292929292929294
train,img-446_jpg.rf.0f94b72ee4208b8b4b64ecb5bb046bda.txt,0,0.6856060606060606,0.9316666666666666,0.16414141414141414,0.13,0.02133838383838384
train,img-447_jpg.rf.12ad904248518608161ea94123c2d60a.txt,0,0.31835205992509363,0.6333333333333333,0.48314606741573035,0.5,0.24157303370786518
train,img-448_jpg.rf.3cd8bfd600d889108a52dedda6f617cc.txt,0,0.4057471264367816,0.7283333333333334,0.7517241379310344,0.43666666666666665,0.32825287356321836
train,img-448_jpg.rf.3cd8bfd600d889108a52dedda6f617cc.txt,0,0.8229885057471265,0.8633333333333333,0.34942528735632183,0.26666666666666666,0.09318007662835248
train,img-448_jpg.rf.3cd8bfd600d889108a52dedda6f617cc.txt,0,0.9160919540229885,0.4866666666666667,0.07586206896551724,0.06,0.004551724137931034
train,img-450_jpg.rf.2a5241c5070556dedad85c9642d81858.txt,0,0.50375,0.41333333333333333,0.5575,0.2866666666666667,0.15981666666666666
train,img-451_jpg.rf.2a8100252c943091f22453f4d7793a28.txt,0,0.7436170212765958,0.7433333333333333,0.09148936170212765,0.09333333333333334,0.008539007092198582
train,img-451_jpg.rf.2a8100252c943091f22453f4d7793a28.txt,0,0.5691489361702128,0.6683333333333333,0.2276595744680851,0.23666666666666666,0.053879432624113474
train,img-451_jpg.rf.2a8100252c943091f22453f4d7793a28.txt,0,0.3946808510638298,0.645,0.11702127659574468,0.09666666666666666,0.011312056737588653
train,img-453_jpg.rf.17e48aa652a50a8bc9d06d3ded580033.txt,0,0.4533333333333333,0.7883333333333333,0.4222222222222222,0.39666666666666667,0.16748148148148148
train,img-455_jpg.rf.a114dbe5360a6a272c43a2b4c7cb4bb1.txt,0,0.6450549450549451,0.4083333333333333,0.12527472527472527,0.09666666666666666,0.012109890109890109
train,img-456_jpg.rf.2907a3b901643efa6b8abd6d9d201b86.txt,0,0.47654784240150094,0.5783333333333334,0.5553470919324578,0.20333333333333334,0.11292057535959975
train,img-458_jpg.rf.72cb15a746ee92f6714f4ceed305738a.txt,0,0.42411642411642414,0.38666666666666666,0.5613305613305614,0.16,0.08981288981288982
train,img-459_jpg.rf.d767fa292e69f79fbb81604f24209de2.txt,0,0.1726078799249531,0.4666666666666667,0.28893058161350843,0.08666666666666667,0.025040650406504064
train,img-459_jpg.rf.d767fa292e69f79fbb81604f24209de2.txt,0,0.7166979362101313,0.6683333333333333,0.4803001876172608,0.23,0.11046904315196998
train,img-45_jpg.rf.e872f0163ffadc7f06542bdf9d17d8bb.txt,0,0.4618055555555556,0.48194444444444445,0.24583333333333332,0.1361111111111111,0.03346064814814814
train,img-460_jpg.rf.7287edcc89d46ec826fd4a8d2301c3b1.txt,0,0.5953436807095344,0.36333333333333334,0.5121951219512195,0.13333333333333333,0.06829268292682927
train,img-460_jpg.rf.7287edcc89d46ec826fd4a8d2301c3b1.txt,0,0.23835920177383593,0.76,0.47671840354767187,0.23333333333333334,0.11123429416112343
train,img-462_jpg.rf.dc1cdd58947aa0f7d172ad76e4834de7.txt,0,0.5882352941176471,0.7883333333333333,0.30117647058823527,0.23,0.06927058823529411
train,img-464_jpg.rf.c69c0cd9a27ebec152f2ca43dd39ddd2.txt,0,0.5246376811594203,0.67,0.42318840579710143,0.62,0.2623768115942029
train,img-465_jpg.rf.a4bc474c1391ceb5134993ddccf81723.txt,0,0.6352941176470588,0.485,0.615686274509804,0.36333333333333334,0.2236993464052288
train,img-465_jpg.rf.a4bc474c1391ceb5134993ddccf81723.txt,0,0.46078431372549017,0.745,0.30196078431372547,0.15,0.04529411764705882
train,img-465_jpg.rf.a4bc474c1391ceb5134993ddccf81723.txt,0,0.1715686274509804,0.9283333333333333,0.23333333333333334,0.13,0.030333333333333334
train,img-466_jpg.rf.7048299d4afb9d58f9bdbb2ebc74ae85.txt,0,0.668848167539267,0.775,0.31675392670157065,0.17666666666666667,0.05595986038394415
train,img-467_jpg.rf.8e414b6ccee984d7bc43ec0a140616bb.txt,0,0.49860335195530725,0.6383333333333333,0.664804469273743,0.21666666666666667,0.14404096834264432
train,img-470_jpg.rf.c1aa523b26fb96e39f98ab0eaef42516.txt,0,0.25054466230936817,0.36,0.2788671023965142,0.21333333333333335,0.059491648511256365
train,img-471_jpg.rf.fbadb2fbf6289251aa19248169f4b835.txt,0,0.42125,0.7166666666666667,0.2225,0.10666666666666667,0.023733333333333335
train,img-471_jpg.rf.fbadb2fbf6289251aa19248169f4b835.txt,0,0.655,0.8466666666666667,0.13,0.12,0.0156
train,img-471_jpg.rf.fbadb2fbf6289251aa19248169f4b835.txt,0,0.575,0.6383333333333333,0.115,0.06333333333333334,0.007283333333333334
train,img-471_jpg.rf.fbadb2fbf6289251aa19248169f4b835.txt,0,0.54375,0.5683333333333334,0.0925,0.05,0.004625
train,img-471_jpg.rf.fbadb2fbf6289251aa19248169f4b835.txt,0,0.43,0.6083333333333333,0.095,0.05,0.004750000000000001
train,img-471_jpg.rf.fbadb2fbf6289251aa19248169f4b835.txt,0,0.4175,0.5066666666666667,0.085,0.03333333333333333,0.0028333333333333335
train,img-471_jpg.rf.fbadb2fbf6289251aa19248169f4b835.txt,0,0.61625,0.48,0.1625,0.04,0.006500000000000001
train,img-471_jpg.rf.fbadb2fbf6289251aa19248169f4b835.txt,0,0.72375,0.5166666666666667,0.0975,0.04,0.0039000000000000003
train,img-471_jpg.rf.fbadb2fbf6289251aa19248169f4b835.txt,0,0.52625,0.43333333333333335,0.0875,0.02666666666666667,0.0023333333333333335
train,img-471_jpg.rf.fbadb2fbf6289251aa19248169f4b835.txt,0,0.0775,0.6566666666666666,0.155,0.08666666666666667,0.013433333333333334
train,img-471_jpg.rf.fbadb2fbf6289251aa19248169f4b835.txt,0,0.13,0.5816666666666667,0.1,0.043333333333333335,0.004333333333333334
train,img-471_jpg.rf.fbadb2fbf6289251aa19248169f4b835.txt,0,0.17875,0.5383333333333333,0.1125,0.05,0.005625000000000001
train,img-471_jpg.rf.fbadb2fbf6289251aa19248169f4b835.txt,0,0.24375,0.4683333333333333,0.0675,0.023333333333333334,0.0015750000000000002
train,img-471_jpg.rf.fbadb2fbf6289251aa19248169f4b835.txt,0,0.31,0.435,0.07,0.023333333333333334,0.0016333333333333336
train,img-471_jpg.rf.fbadb2fbf6289251aa19248169f4b835.txt,0,0.26625,0.395,0.1075,0.03,0.003225
train,img-471_jpg.rf.fbadb2fbf6289251aa19248169f4b835.txt,0,0.39625,0.35,0.1025,0.02666666666666667,0.0027333333333333333
train,img-471_jpg.rf.fbadb2fbf6289251aa19248169f4b835.txt,0,0.355,0.37333333333333335,0.065,0.02,0.0013000000000000002
train,img-471_jpg.rf.fbadb2fbf6289251aa19248169f4b835.txt,0,0.51125,0.38666666666666666,0.0575,0.02,0.00115
train,img-473_jpg.rf.a2116db1425fc5a7c35a863735f3be83.txt,0,0.52,0.465,0.72,0.33666666666666667,0.2424
train,img-475_jpg.rf.826d8251183c671da741c6bbdbc63b7f.txt,0,0.4673913043478261,0.475,0.8652173913043478,0.73,0.6316086956521739
train,img-476_jpg.rf.b7bf5047096c34127a33e35decef5680.txt,0,0.21444444444444444,0.5633333333333334,0.14888888888888888,0.1,0.014888888888888889
train,img-476_jpg.rf.b7bf5047096c34127a33e35decef5680.txt,0,0.6733333333333333,0.4716666666666667,0.07555555555555556,0.05,0.003777777777777778
train,img-476_jpg.rf.b7bf5047096c34127a33e35decef5680.txt,0,0.7033333333333334,0.6316666666666667,0.09111111111111111,0.09666666666666666,0.008807407407407408
train,img-476_jpg.rf.b7bf5047096c34127a33e35decef5680.txt,0,0.6466666666666666,0.84,0.14666666666666667,0.14,0.020533333333333334
train,img-478_jpg.rf.688b1641adf5ef0b085c25eb561c127f.txt,0,0.5117096018735363,0.7216666666666667,0.5081967213114754,0.41,0.2083606557377049
train,img-478_jpg.rf.688b1641adf5ef0b085c25eb561c127f.txt,0,0.8536299765807962,0.53,0.1522248243559719,0.06,0.009133489461358314
train,img-479_jpg.rf.68af46ff65675c6673f7ab2b3ffffef5.txt,0,0.48194444444444445,0.5,0.43333333333333335,0.44285714285714284,0.1919047619047619
train,img-480_jpg.rf.5878d6196e07fb3c99a93ed5dfe3f272.txt,0,0.5033333333333333,0.6,0.3488888888888889,0.3333333333333333,0.1162962962962963
train,img-480_jpg.rf.5878d6196e07fb3c99a93ed5dfe3f272.txt,0,0.6088888888888889,0.8916666666666667,0.18222222222222223,0.21,0.038266666666666664
train,img-480_jpg.rf.5878d6196e07fb3c99a93ed5dfe3f272.txt,0,0.4088888888888889,0.4,0.1288888888888889,0.05333333333333334,0.006874074074074074
train,img-481_jpg.rf.a4d4dc14cb2e64612726574f736960bb.txt,0,0.3789868667917448,0.745,0.6791744840525328,0.25,0.1697936210131332
train,img-482_jpg.rf.6d284950634fb53dcaffdf5bc57777b2.txt,0,0.45796847635726795,0.27166666666666667,0.10683012259194395,0.043333333333333335,0.004629305312317571
train,img-482_jpg.rf.6d284950634fb53dcaffdf5bc57777b2.txt,0,0.3371278458844133,0.395,0.30297723292469353,0.05,0.015148861646234676
train,img-482_jpg.rf.6d284950634fb53dcaffdf5bc57777b2.txt,0,0.47373029772329245,0.5466666666666666,0.4395796847635727,0.15333333333333332,0.06740221833041447
train,img-482_jpg.rf.6d284950634fb53dcaffdf5bc57777b2.txt,0,0.5288966725043783,0.795,0.7145359019264448,0.31,0.22150612959719787
train,img-483_jpg.rf.f6a3c845bd1d570af65d49dca73bc342.txt,0,0.47375,0.515,0.5825,0.7766666666666666,0.4524083333333333
train,img-484_jpg.rf.a2c2b3415a901a7dd8b0e620a6d0978d.txt,0,0.2511111111111111,0.3466666666666667,0.16,0.03333333333333333,0.005333333333333333
train,img-484_jpg.rf.a2c2b3415a901a7dd8b0e620a6d0978d.txt,0,0.4811111111111111,0.31833333333333336,0.06888888888888889,0.03666666666666667,0.002525925925925926
train,img-484_jpg.rf.a2c2b3415a901a7dd8b0e620a6d0978d.txt,0,0.5522222222222222,0.47,0.31777777777777777,0.17333333333333334,0.05508148148148148
train,img-484_jpg.rf.a2c2b3415a901a7dd8b0e620a6d0978d.txt,0,0.7488888888888889,0.42,0.17777777777777778,0.09333333333333334,0.016592592592592593
train,img-484_jpg.rf.a2c2b3415a901a7dd8b0e620a6d0978d.txt,0,0.42333333333333334,0.7933333333333333,0.7933333333333333,0.3933333333333333,0.3120444444444444
train,img-487_jpg.rf.86a0a33407773411060aea00d0e25298.txt,0,0.626641651031895,0.555,0.32645403377110693,0.13666666666666666,0.04461538461538461
train,img-487_jpg.rf.86a0a33407773411060aea00d0e25298.txt,0,0.5112570356472795,0.77,0.7185741088180112,0.4533333333333333,0.32575359599749837
train,img-488_jpg.rf.bc6f57054dc22bbd98ba111e8b50f154.txt,0,0.51,0.5783333333333334,0.07,0.07666666666666666,0.005366666666666667
train,img-488_jpg.rf.bc6f57054dc22bbd98ba111e8b50f154.txt,0,0.71625,0.74,0.5175,0.18,0.09314999999999998
train,img-489_jpg.rf.f4699ee74f2e8fb7170294124cc4fbb6.txt,0,0.2966666666666667,0.5083333333333333,0.5933333333333334,0.48333333333333334,0.2867777777777778
train,img-489_jpg.rf.f4699ee74f2e8fb7170294124cc4fbb6.txt,0,0.10833333333333334,0.8766666666666667,0.21666666666666667,0.12,0.026
train,img-48_jpg.rf.80aab2de449196e47a920e6e3e1557ce.txt,0,0.4166666666666667,0.4826388888888889,0.35555555555555557,0.13194444444444445,0.04691358024691358
train,img-48_jpg.rf.80aab2de449196e47a920e6e3e1557ce.txt,0,0.6083333333333333,0.5986111111111111,0.1388888888888889,0.1,0.01388888888888889
train,img-494_jpg.rf.93aaae7aa17f7a5e7c247cba12a1b73e.txt,0,0.17875,0.17,0.1125,0.08,0.009000000000000001
train,img-494_jpg.rf.93aaae7aa17f7a5e7c247cba12a1b73e.txt,0,0.03625,0.28833333333333333,0.0725,0.09,0.0065249999999999996
train,img-494_jpg.rf.93aaae7aa17f7a5e7c247cba12a1b73e.txt,0,0.47625,0.5133333333333333,0.4925,0.5133333333333333,0.25281666666666663
train,img-494_jpg.rf.93aaae7aa17f7a5e7c247cba12a1b73e.txt,0,0.87625,0.49,0.1025,0.06666666666666667,0.006833333333333333
train,img-496_jpg.rf.2c704dcb336ff2900ab1082067367d75.txt,0,0.4989247311827957,0.6733333333333333,0.9978494623655914,0.6466666666666666,0.6452759856630823
train,img-498_jpg.rf.6cf9993e84ae2765ea83ad49216e51ca.txt,0,0.15562913907284767,0.7616666666666667,0.24503311258278146,0.12333333333333334,0.030220750551876382
train,img-498_jpg.rf.6cf9993e84ae2765ea83ad49216e51ca.txt,0,0.4977924944812362,0.6016666666666667,0.09492273730684327,0.07,0.006644591611479029
train,img-498_jpg.rf.6cf9993e84ae2765ea83ad49216e51ca.txt,0,0.5673289183222958,0.5233333333333333,0.08388520971302428,0.04666666666666667,0.003914643119941133
train,img-498_jpg.rf.6cf9993e84ae2765ea83ad49216e51ca.txt,0,0.6777041942604857,0.4083333333333333,0.10154525386313466,0.05,0.005077262693156733
train,img-498_jpg.rf.6cf9993e84ae2765ea83ad49216e51ca.txt,0,0.7505518763796909,0.3383333333333333,0.07947019867549669,0.03,0.0023841059602649007
train,img-49_jpg.rf.d01d16f6ca4e230e7b2e1e35f8288e02.txt,0,0.5055555555555555,0.5722222222222222,0.35,0.30833333333333335,0.10791666666666666
train,img-49_jpg.rf.d01d16f6ca4e230e7b2e1e35f8288e02.txt,0,0.2534722222222222,0.23680555555555555,0.20416666666666666,0.10138888888888889,0.020700231481481483
train,img-4_jpg.rf.11ae6e7fa2785e9062e1dd8c234333d9.txt,0,0.5215277777777778,0.5625,0.5541666666666667,0.36944444444444446,0.20473379629629632
train,img-500_jpg.rf.5d3d23bc89581151be590a39424e1913.txt,0,0.7833333333333333,0.46674057649667405,0.4266666666666667,0.10864745011086474,0.046356245380635624
train,img-500_jpg.rf.5d3d23bc89581151be590a39424e1913.txt,0,0.4066666666666667,0.4334811529933481,0.25333333333333335,0.1352549889135255,0.034264597191426466
train,img-502_jpg.rf.6ca14a2dbbdbef79d541c9b3cd39f110.txt,0,0.2577777777777778,0.20666666666666667,0.13777777777777778,0.06666666666666667,0.009185185185185185
train,img-502_jpg.rf.6ca14a2dbbdbef79d541c9b3cd39f110.txt,0,0.14333333333333334,0.24666666666666667,0.10444444444444445,0.08,0.008355555555555557
train,img-502_jpg.rf.6ca14a2dbbdbef79d541c9b3cd39f110.txt,0,0.06444444444444444,0.36833333333333335,0.1288888888888889,0.07,0.009022222222222223
train,img-502_jpg.rf.6ca14a2dbbdbef79d541c9b3cd39f110.txt,0,0.19333333333333333,0.44666666666666666,0.3288888888888889,0.12,0.039466666666666664
train,img-502_jpg.rf.6ca14a2dbbdbef79d541c9b3cd39f110.txt,0,0.7977777777777778,0.5716666666666667,0.4,0.15,0.06
train,img-502_jpg.rf.6ca14a2dbbdbef79d541c9b3cd39f110.txt,0,0.35444444444444445,0.7833333333333333,0.6288888888888889,0.4266666666666667,0.26832592592592597
train,img-503_jpg.rf.78dc49524b5d013c7c3580e2f88ee8e1.txt,0,0.49666666666666665,0.5116666666666667,0.7466666666666667,0.49666666666666665,0.3708444444444444
train,img-504_jpg.rf.1525b6fecee461da4196b8e4c10cb555.txt,0,0.5597826086956522,0.22333333333333333,0.10652173913043478,0.08666666666666667,0.009231884057971014
train,img-504_jpg.rf.1525b6fecee461da4196b8e4c10cb555.txt,0,0.6293478260869565,0.44666666666666666,0.20652173913043478,0.18666666666666668,0.03855072463768116
train,img-504_jpg.rf.1525b6fecee461da4196b8e4c10cb555.txt,0,0.45,0.6883333333333334,0.5956521739130435,0.35,0.2084782608695652
train,img-505_jpg.rf.722ce02b299e455f7436b3ebbf0403b6.txt,0,0.43870402802101577,0.8116666666666666,0.29947460595446584,0.23666666666666666,0.07087565674255691
train,img-506_jpg.rf.f72b3b75b27b51787cb4db96b7e07ff0.txt,0,0.3730769230769231,0.7,0.49230769230769234,0.4066666666666667,0.20020512820512823
train,img-507_jpg.rf.f161c791b6cc6f2f522aeacfb0b1d80d.txt,0,0.599195710455764,0.7016666666666667,0.2707774798927614,0.07666666666666666,0.020759606791778372
train,img-507_jpg.rf.f161c791b6cc6f2f522aeacfb0b1d80d.txt,0,0.37667560321715815,0.5666666666666667,0.5388739946380697,0.12666666666666668,0.0682573726541555
train,img-507_jpg.rf.f161c791b6cc6f2f522aeacfb0b1d80d.txt,0,0.2613941018766756,0.475,0.15281501340482573,0.03,0.004584450402144772
train,img-507_jpg.rf.f161c791b6cc6f2f522aeacfb0b1d80d.txt,0,0.3190348525469169,0.4,0.30563002680965146,0.09333333333333334,0.028525469168900804
train,img-507_jpg.rf.f161c791b6cc6f2f522aeacfb0b1d80d.txt,0,0.49195710455764075,0.225,0.34584450402144773,0.06333333333333334,0.02190348525469169
train,img-507_jpg.rf.f161c791b6cc6f2f522aeacfb0b1d80d.txt,0,0.47587131367292224,0.12333333333333334,0.36193029490616624,0.06,0.021715817694369973
train,img-507_jpg.rf.f161c791b6cc6f2f522aeacfb0b1d80d.txt,0,0.4745308310991957,0.07666666666666666,0.3002680965147453,0.04,0.012010723860589812
train,img-508_jpg.rf.c5747e8e3af0ece987ca5af6d0819338.txt,0,0.5609756097560976,0.18333333333333332,0.23639774859287055,0.14,0.03309568480300188
train,img-508_jpg.rf.c5747e8e3af0ece987ca5af6d0819338.txt,0,0.2270168855534709,0.051666666666666666,0.1801125703564728,0.07666666666666666,0.013808630393996246
train,img-508_jpg.rf.c5747e8e3af0ece987ca5af6d0819338.txt,0,0.23358348968105067,0.18166666666666667,0.23827392120075047,0.14333333333333334,0.03415259537210757
train,img-508_jpg.rf.c5747e8e3af0ece987ca5af6d0819338.txt,0,0.43058161350844276,0.34833333333333333,0.17448405253283303,0.13666666666666666,0.023846153846153847
train,img-508_jpg.rf.c5747e8e3af0ece987ca5af6d0819338.txt,0,0.6519699812382739,0.47333333333333333,0.20075046904315197,0.13333333333333333,0.026766729205753594
train,img-508_jpg.rf.c5747e8e3af0ece987ca5af6d0819338.txt,0,0.8105065666041276,0.815,0.30393996247654786,0.2833333333333333,0.08611632270168856
train,img-508_jpg.rf.c5747e8e3af0ece987ca5af6d0819338.txt,0,0.34896810506566606,0.6533333333333333,0.3827392120075047,0.3,0.11482176360225141
train,img-508_jpg.rf.c5747e8e3af0ece987ca5af6d0819338.txt,0,0.7589118198874296,0.13833333333333334,0.14821763602251406,0.08333333333333333,0.012351469668542838
train,img-508_jpg.rf.c5747e8e3af0ece987ca5af6d0819338.txt,0,0.9099437148217636,0.23,0.17636022514071295,0.11333333333333333,0.019987492182614135
train,img-508_jpg.rf.c5747e8e3af0ece987ca5af6d0819338.txt,0,0.6810506566604128,0.03,0.1651031894934334,0.06,0.009906191369606004
train,img-509_jpg.rf.5bcf3d06847c789c6ffddd4d68666c6e.txt,0,0.525328330206379,0.805,0.1951219512195122,0.38333333333333336,0.07479674796747968
train,img-509_jpg.rf.5bcf3d06847c789c6ffddd4d68666c6e.txt,0,0.7335834896810507,0.6533333333333333,0.22138836772983114,0.25333333333333335,0.056085053158223895
train,img-509_jpg.rf.5bcf3d06847c789c6ffddd4d68666c6e.txt,0,0.9380863039399625,0.7966666666666666,0.07129455909943715,0.09333333333333334,0.0066541588492808005
train,img-509_jpg.rf.5bcf3d06847c789c6ffddd4d68666c6e.txt,0,0.6303939962476548,0.345,0.1275797373358349,0.09666666666666666,0.01233270794246404
train,img-509_jpg.rf.5bcf3d06847c789c6ffddd4d68666c6e.txt,0,0.48592870544090055,0.30833333333333335,0.0975609756097561,0.07,0.006829268292682928
train,img-509_jpg.rf.5bcf3d06847c789c6ffddd4d68666c6e.txt,0,0.4896810506566604,0.44,0.27392120075046905,0.2,0.05478424015009381
train,img-509_jpg.rf.5bcf3d06847c789c6ffddd4d68666c6e.txt,0,0.6322701688555347,0.465,0.0675422138836773,0.056666666666666664,0.003827392120075047
train,img-509_jpg.rf.5bcf3d06847c789c6ffddd4d68666c6e.txt,0,0.5656660412757973,0.495,0.05065666041275797,0.043333333333333335,0.0021951219512195124
train,img-509_jpg.rf.5bcf3d06847c789c6ffddd4d68666c6e.txt,0,0.22326454033771106,0.6116666666666667,0.31144465290806755,0.4633333333333333,0.14430268918073796
train,img-510_jpg.rf.123e51756929d8babd5c1cd39b0edcad.txt,0,0.34476843910806176,0.5433333333333333,0.10634648370497427,0.09333333333333334,0.009925671812464265
train,img-510_jpg.rf.123e51756929d8babd5c1cd39b0edcad.txt,0,0.36620926243567753,0.44333333333333336,0.07718696397941681,0.06666666666666667,0.005145797598627787
train,img-510_jpg.rf.123e51756929d8babd5c1cd39b0edcad.txt,0,0.47684391080617494,0.49,0.0686106346483705,0.05333333333333334,0.0036592338479130935
train,img-510_jpg.rf.123e51756929d8babd5c1cd39b0edcad.txt,0,0.5823327615780446,0.5133333333333333,0.07032590051457976,0.05333333333333334,0.003750714694110921
train,img-510_jpg.rf.123e51756929d8babd5c1cd39b0edcad.txt,0,0.5883361921097771,0.38166666666666665,0.0686106346483705,0.06333333333333334,0.004345340194396799
train,img-510_jpg.rf.123e51756929d8babd5c1cd39b0edcad.txt,0,0.7161234991423671,0.39,0.0634648370497427,0.07333333333333333,0.004654088050314465
train,img-510_jpg.rf.123e51756929d8babd5c1cd39b0edcad.txt,0,0.4811320754716981,0.6716666666666666,0.15608919382504288,0.14333333333333334,0.022372784448256147
train,img-510_jpg.rf.123e51756929d8babd5c1cd39b0edcad.txt,0,0.516295025728988,0.8433333333333334,0.10634648370497427,0.14,0.014888507718696398
train,img-510_jpg.rf.123e51756929d8babd5c1cd39b0edcad.txt,0,0.9013722126929674,0.125,0.16295025728987994,0.09666666666666666,0.015751858204688395
train,img-510_jpg.rf.123e51756929d8babd5c1cd39b0edcad.txt,0,0.5077186963979416,0.195,0.1097770154373928,0.056666666666666664,0.006220697541452258
train,img-510_jpg.rf.123e51756929d8babd5c1cd39b0edcad.txt,0,0.3481989708404803,0.285,0.0686106346483705,0.043333333333333335,0.0029731275014293884
train,img-510_jpg.rf.123e51756929d8babd5c1cd39b0edcad.txt,0,0.2692967409948542,0.21333333333333335,0.06518010291595197,0.05333333333333334,0.0034762721555174386
train,img-510_jpg.rf.123e51756929d8babd5c1cd39b0edcad.txt,0,0.21355060034305318,0.26666666666666666,0.05660377358490566,0.05333333333333334,0.003018867924528302
train,img-510_jpg.rf.123e51756929d8babd5c1cd39b0edcad.txt,0,0.13293310463121785,0.3016666666666667,0.09777015437392796,0.06333333333333334,0.0061921097770154376
train,img-510_jpg.rf.123e51756929d8babd5c1cd39b0edcad.txt,0,0.2332761578044597,0.38333333333333336,0.09605488850771869,0.08,0.007684391080617496
train,img-510_jpg.rf.123e51756929d8babd5c1cd39b0edcad.txt,0,0.34476843910806176,0.33166666666666667,0.0548885077186964,0.043333333333333335,0.0023785020011435104
train,img-510_jpg.rf.123e51756929d8babd5c1cd39b0edcad.txt,0,0.7495711835334476,0.245,0.058319039451114926,0.043333333333333335,0.00252715837621498
train,img-512_jpg.rf.4f5fad0146d35d6f920f53e3c42aff2b.txt,0,0.34125,0.36333333333333334,0.2225,0.13333333333333333,0.029666666666666668
train,img-512_jpg.rf.4f5fad0146d35d6f920f53e3c42aff2b.txt,0,0.7975,0.3283333333333333,0.085,0.03666666666666667,0.003116666666666667
train,img-512_jpg.rf.4f5fad0146d35d6f920f53e3c42aff2b.txt,0,0.7425,0.285,0.1,0.043333333333333335,0.004333333333333334
train,img-512_jpg.rf.4f5fad0146d35d6f920f53e3c42aff2b.txt,0,0.58875,0.655,0.4525,0.2966666666666667,0.13424166666666668
train,img-512_jpg.rf.4f5fad0146d35d6f920f53e3c42aff2b.txt,0,0.715,0.905,0.325,0.18333333333333332,0.05958333333333333
train,img-513_jpg.rf.2d62e3be85f489e3bc9060023ee2ea8f.txt,0,0.4375,0.45666666666666667,0.665,0.29333333333333333,0.19506666666666667
train,img-514_jpg.rf.1420b37cfd4c94e8f691c667c989a5f4.txt,0,0.565,0.42065491183879095,0.13,0.060453400503778336,0.007858942065491184
train,img-514_jpg.rf.1420b37cfd4c94e8f691c667c989a5f4.txt,0,0.45666666666666667,0.3589420654911839,0.10666666666666667,0.042821158690176324,0.0045675902602854744
train,img-514_jpg.rf.1420b37cfd4c94e8f691c667c989a5f4.txt,0,0.42833333333333334,0.3110831234256927,0.13666666666666666,0.05793450881612091,0.007917716204869857
train,img-514_jpg.rf.1420b37cfd4c94e8f691c667c989a5f4.txt,0,0.3016666666666667,0.3866498740554156,0.15,0.06801007556675064,0.010201511335012596
train,img-514_jpg.rf.1420b37cfd4c94e8f691c667c989a5f4.txt,0,0.72,0.345088161209068,0.06,0.02518891687657431,0.0015113350125944584
train,img-514_jpg.rf.1420b37cfd4c94e8f691c667c989a5f4.txt,0,0.525,0.7355163727959698,0.43,0.3526448362720403,0.15163727959697731
train,img-515_jpg.rf.3067bb2cb196b47aae9fbfa1af6261e4.txt,0,0.4599109131403118,0.4683333333333333,0.47438752783964366,0.49666666666666665,0.23561247216035633
train,img-517_jpg.rf.4d6d0c5487798a48b5f6008f90a5b768.txt,0,0.6547842401500938,0.5133333333333333,0.19136960600375236,0.12,0.022964352720450283
train,img-517_jpg.rf.4d6d0c5487798a48b5f6008f90a5b768.txt,0,0.5816135084427767,0.7683333333333333,0.6604127579737336,0.27,0.17831144465290807
train,img-518_jpg.rf.d8c4c35beb02b2b9c58b348b1a18227c.txt,0,0.5150093808630394,0.565,0.5909943714821764,0.39666666666666667,0.23442776735459664
train,img-519_jpg.rf.6ba359e3644a97cd8bffee4cf4a10ea2.txt,0,0.31166666666666665,0.3288888888888889,0.15,0.022222222222222223,0.0033333333333333335
train,img-519_jpg.rf.6ba359e3644a97cd8bffee4cf4a10ea2.txt,0,0.5266666666666666,0.1811111111111111,0.12,0.02,0.0024
train,img-519_jpg.rf.6ba359e3644a97cd8bffee4cf4a10ea2.txt,0,0.69,0.19555555555555557,0.17333333333333334,0.02666666666666667,0.004622222222222223
train,img-519_jpg.rf.6ba359e3644a97cd8bffee4cf4a10ea2.txt,0,0.7133333333333334,0.30444444444444446,0.22,0.044444444444444446,0.009777777777777778
train,img-519_jpg.rf.6ba359e3644a97cd8bffee4cf4a10ea2.txt,0,0.7733333333333333,0.37444444444444447,0.21333333333333335,0.05555555555555555,0.011851851851851851
train,img-519_jpg.rf.6ba359e3644a97cd8bffee4cf4a10ea2.txt,0,0.30333333333333334,0.1811111111111111,0.16,0.015555555555555555,0.002488888888888889
train,img-519_jpg.rf.6ba359e3644a97cd8bffee4cf4a10ea2.txt,0,0.465,0.13555555555555557,0.043333333333333335,0.017777777777777778,0.0007703703703703704
train,img-519_jpg.rf.6ba359e3644a97cd8bffee4cf4a10ea2.txt,0,0.625,0.6844444444444444,0.63,0.3688888888888889,0.2324
train,img-51_jpg.rf.e76dba0e33058fcd7ac509c0e2fbf0ce.txt,0,0.4930555555555556,0.46458333333333335,0.23055555555555557,0.14305555555555555,0.032982253086419756
train,img-51_jpg.rf.e76dba0e33058fcd7ac509c0e2fbf0ce.txt,0,0.6090277777777777,0.6097222222222223,0.14027777777777778,0.14722222222222223,0.020652006172839507
train,img-521_jpg.rf.fa689c56eb3cd78ed57d84143cbe8d25.txt,0,0.35777777777777775,0.5866666666666667,0.5377777777777778,0.31333333333333335,0.1685037037037037
train,img-523_jpg.rf.c78c71adc175d5e3eb103a96a87b7dbb.txt,0,0.51875,0.585,0.5975,0.25666666666666665,0.15335833333333335
train,img-523_jpg.rf.c78c71adc175d5e3eb103a96a87b7dbb.txt,0,0.14875,0.415,0.1625,0.07,0.011375000000000001
train,img-524_jpg.rf.57fb2d4f1029263048a398c620968aad.txt,0,0.6697936210131332,0.8133333333333334,0.30393996247654786,0.18,0.054709193245778616
train,img-524_jpg.rf.57fb2d4f1029263048a398c620968aad.txt,0,0.6378986866791745,0.5766666666666667,0.1651031894934334,0.05333333333333334,0.008805503439649781
train,img-524_jpg.rf.57fb2d4f1029263048a398c620968aad.txt,0,0.7551594746716698,0.5516666666666666,0.18574108818011256,0.09,0.01671669793621013
train,img-524_jpg.rf.57fb2d4f1029263048a398c620968aad.txt,0,0.47842401500938087,0.475,0.12382739212007504,0.07666666666666666,0.009493433395872419
train,img-524_jpg.rf.57fb2d4f1029263048a398c620968aad.txt,0,0.18198874296435272,0.7666666666666667,0.36397748592870544,0.14666666666666667,0.0533833646028768
train,img-526_jpg.rf.cfd028e96dd550e97745603cab99f3fe.txt,0,0.40171990171990174,0.5566666666666666,0.29238329238329236,0.10666666666666667,0.031187551187551187
train,img-526_jpg.rf.cfd028e96dd550e97745603cab99f3fe.txt,0,0.29975429975429974,0.4533333333333333,0.14250614250614252,0.1,0.014250614250614253
train,img-526_jpg.rf.cfd028e96dd550e97745603cab99f3fe.txt,0,0.1375921375921376,0.5033333333333333,0.09828009828009827,0.04,0.003931203931203931
train,img-526_jpg.rf.cfd028e96dd550e97745603cab99f3fe.txt,0,0.20884520884520885,0.6466666666666666,0.26044226044226043,0.16666666666666666,0.043407043407043405
train,img-526_jpg.rf.cfd028e96dd550e97745603cab99f3fe.txt,0,0.4238329238329238,0.785,0.48402948402948404,0.11666666666666667,0.056470106470106474
train,img-526_jpg.rf.cfd028e96dd550e97745603cab99f3fe.txt,0,0.800982800982801,0.715,0.3931203931203931,0.24333333333333335,0.09565929565929567
train,img-526_jpg.rf.cfd028e96dd550e97745603cab99f3fe.txt,0,0.8452088452088452,0.9433333333333334,0.09828009828009827,0.10666666666666667,0.010483210483210484
train,img-526_jpg.rf.cfd028e96dd550e97745603cab99f3fe.txt,0,0.9275184275184275,0.49333333333333335,0.11056511056511056,0.03333333333333333,0.003685503685503685
train,img-526_jpg.rf.cfd028e96dd550e97745603cab99f3fe.txt,0,0.8230958230958231,0.5666666666666667,0.1769041769041769,0.11333333333333333,0.020049140049140046
train,img-526_jpg.rf.cfd028e96dd550e97745603cab99f3fe.txt,0,0.7383292383292384,0.485,0.21867321867321868,0.05,0.010933660933660935
train,img-527_jpg.rf.865da999fbb4399a1124e21bd313a958.txt,0,0.5266666666666666,0.685,0.35555555555555557,0.17666666666666667,0.06281481481481482
train,img-52_jpg.rf.f95bed5b5d7b75aca48be59a17751be5.txt,0,0.5458333333333333,0.4986111111111111,0.2916666666666667,0.175,0.051041666666666666
train,img-52_jpg.rf.f95bed5b5d7b75aca48be59a17751be5.txt,0,0.4305555555555556,0.6222222222222222,0.1361111111111111,0.08055555555555556,0.010964506172839505
train,img-530_jpg.rf.cbb192f42b0fcae349cd1e320c1ab748.txt,0,0.05697445972495088,0.11166666666666666,0.11394891944990176,0.13,0.01481335952848723
train,img-530_jpg.rf.cbb192f42b0fcae349cd1e320c1ab748.txt,0,0.18860510805500982,0.025,0.16110019646365423,0.05,0.008055009823182711
train,img-530_jpg.rf.cbb192f42b0fcae349cd1e320c1ab748.txt,0,0.4263261296660118,0.06666666666666667,0.3104125736738703,0.13333333333333333,0.041388343156516044
train,img-530_jpg.rf.cbb192f42b0fcae349cd1e320c1ab748.txt,0,0.8143418467583498,0.06833333333333333,0.32023575638506874,0.13666666666666666,0.04376555337262606
train,img-530_jpg.rf.cbb192f42b0fcae349cd1e320c1ab748.txt,0,0.5785854616895875,0.25,0.2337917485265226,0.17333333333333334,0.040523903077930586
train,img-530_jpg.rf.cbb192f42b0fcae349cd1e320c1ab748.txt,0,0.3005893909626719,0.39,0.2475442043222004,0.16666666666666666,0.041257367387033395
train,img-530_jpg.rf.cbb192f42b0fcae349cd1e320c1ab748.txt,0,0.6728880157170923,0.6016666666666667,0.4577603143418468,0.37666666666666665,0.17242305173542893
train,img-530_jpg.rf.cbb192f42b0fcae349cd1e320c1ab748.txt,0,0.15324165029469547,0.7783333333333333,0.30648330058939094,0.33666666666666667,0.10318271119842828
train,img-531_jpg.rf.336a27c3846e69f905fb235a9a58a4bc.txt,0,0.34625,0.6733333333333333,0.1075,0.05333333333333334,0.005733333333333333
train,img-531_jpg.rf.336a27c3846e69f905fb235a9a58a4bc.txt,0,0.505,0.6583333333333333,0.145,0.07666666666666666,0.011116666666666665
train,img-531_jpg.rf.336a27c3846e69f905fb235a9a58a4bc.txt,0,0.4525,0.725,0.13,0.07,0.0091
train,img-531_jpg.rf.336a27c3846e69f905fb235a9a58a4bc.txt,0,0.43375,0.8183333333333334,0.1675,0.11,0.018425
train,img-531_jpg.rf.336a27c3846e69f905fb235a9a58a4bc.txt,0,0.475,0.5983333333333334,0.115,0.043333333333333335,0.0049833333333333335
train,img-531_jpg.rf.336a27c3846e69f905fb235a9a58a4bc.txt,0,0.4125,0.5783333333333334,0.125,0.023333333333333334,0.002916666666666667
train,img-531_jpg.rf.336a27c3846e69f905fb235a9a58a4bc.txt,0,0.38125,0.5333333333333333,0.0375,0.02666666666666667,0.001
train,img-531_jpg.rf.336a27c3846e69f905fb235a9a58a4bc.txt,0,0.2675,0.9533333333333334,0.165,0.08666666666666667,0.014300000000000002
train,img-531_jpg.rf.336a27c3846e69f905fb235a9a58a4bc.txt,0,0.5325,0.9316666666666666,0.35,0.12333333333333334,0.043166666666666666
train,img-532_jpg.rf.b99ffab41211fcaa201cbdf921f29b5c.txt,0,0.5174081237911026,0.8233333333333334,0.2611218568665377,0.3466666666666667,0.09052224371373307
train,img-532_jpg.rf.b99ffab41211fcaa201cbdf921f29b5c.txt,0,0.5145067698259188,0.54,0.15087040618955513,0.08666666666666667,0.013075435203094779
train,img-533_jpg.rf.0a1292d1f04bbf45d8846532b3ad0eb8.txt,0,0.6651884700665188,0.385,0.1286031042128603,0.08333333333333333,0.010716925351071691
train,img-533_jpg.rf.0a1292d1f04bbf45d8846532b3ad0eb8.txt,0,0.44567627494456763,0.4266666666666667,0.13303769401330376,0.05333333333333334,0.007095343680709534
train,img-533_jpg.rf.0a1292d1f04bbf45d8846532b3ad0eb8.txt,0,0.4567627494456763,0.7816666666666666,0.9135254988913526,0.43,0.3928159645232816
train,img-534_jpg.rf.0e6dc3d1cfb351bc4a784ef45b77e29b.txt,0,0.4125,0.5666666666666667,0.09,0.03333333333333333,0.003
train,img-534_jpg.rf.0e6dc3d1cfb351bc4a784ef45b77e29b.txt,0,0.065,0.8216666666666667,0.13,0.056666666666666664,0.007366666666666666
train,img-534_jpg.rf.0e6dc3d1cfb351bc4a784ef45b77e29b.txt,0,0.63625,0.8883333333333333,0.4025,0.15,0.060375
train,img-534_jpg.rf.0e6dc3d1cfb351bc4a784ef45b77e29b.txt,0,0.81375,0.5733333333333334,0.3675,0.04666666666666667,0.017150000000000002
train,img-534_jpg.rf.0e6dc3d1cfb351bc4a784ef45b77e29b.txt,0,0.57625,0.4483333333333333,0.2375,0.05,0.011875
train,img-537_jpg.rf.800a6a93bc8d87ba0889f1706b5e1622.txt,0,0.52125,0.5233333333333333,0.5975,0.9466666666666667,0.5656333333333333
train,img-538_jpg.rf.14ed12805bf86f1eb7a5cb9da970b755.txt,0,0.6011111111111112,0.6133333333333333,0.6511111111111111,0.6,0.39066666666666666
train,img-539_jpg.rf.94298de0d2207c7b4cd2bfe4f7e1cb72.txt,0,0.12,0.5116666666666667,0.24,0.25666666666666665,0.061599999999999995
train,img-539_jpg.rf.94298de0d2207c7b4cd2bfe4f7e1cb72.txt,0,0.043333333333333335,0.22833333333333333,0.08666666666666667,0.13,0.011266666666666668
train,img-539_jpg.rf.94298de0d2207c7b4cd2bfe4f7e1cb72.txt,0,0.5288888888888889,0.45166666666666666,0.2577777777777778,0.07,0.018044444444444446
train,img-539_jpg.rf.94298de0d2207c7b4cd2bfe4f7e1cb72.txt,0,0.6988888888888889,0.57,0.3844444444444444,0.15333333333333332,0.05894814814814814
train,img-53_jpg.rf.0a3288162e47d617b9108c8b7027f362.txt,0,0.46458333333333335,0.4930555555555556,0.3402777777777778,0.3,0.10208333333333333
train,img-53_jpg.rf.0a3288162e47d617b9108c8b7027f362.txt,0,0.8666666666666667,0.70625,0.125,0.1763888888888889,0.022048611111111113
train,img-545_jpg.rf.786788c516d06b428e6c4fbe57a8a703.txt,0,0.5620384047267356,0.49666666666666665,0.4298375184638109,0.31333333333333335,0.1346824224519941
train,img-545_jpg.rf.786788c516d06b428e6c4fbe57a8a703.txt,0,0.0982274741506647,0.5416666666666666,0.1964549483013294,0.20333333333333334,0.03994583948793698
train,img-546_jpg.rf.e5e035a777a3e271af95989cdc07132a.txt,0,0.6196120689655172,0.7383333333333333,0.33836206896551724,0.19,0.06428879310344827
train,img-547_jpg.rf.8dd4b5b2099318a1bb39ad348cbe0576.txt,0,0.5266666666666666,0.4275,0.23333333333333334,0.095,0.022166666666666668
train,img-547_jpg.rf.8dd4b5b2099318a1bb39ad348cbe0576.txt,0,0.6283333333333333,0.31125,0.37666666666666665,0.0825,0.031075
train,img-547_jpg.rf.8dd4b5b2099318a1bb39ad348cbe0576.txt,0,0.395,0.68,0.5633333333333334,0.33,0.1859
train,img-548_jpg.rf.ba5c7c94f831b7c84f8e41d7d30530fc.txt,0,0.47117516629711753,0.5366666666666666,0.3968957871396896,0.2866666666666667,0.11377679231337769
train,img-548_jpg.rf.ba5c7c94f831b7c84f8e41d7d30530fc.txt,0,0.7494456762749445,0.31166666666666665,0.06208425720620843,0.05,0.0031042128603104217
train,img-549_jpg.rf.d04eac44dedf21eed1fe6c98d095ac60.txt,0,0.71375,0.6033333333333334,0.4075,0.22,0.08965
train,img-549_jpg.rf.d04eac44dedf21eed1fe6c98d095ac60.txt,0,0.85625,0.395,0.1675,0.11,0.018425
train,img-54_jpg.rf.f2eb8e6eddfbada99ebc025c400123b6.txt,0,0.5145833333333333,0.5555555555555556,0.35138888888888886,0.2916666666666667,0.10248842592592593
train,img-551_jpg.rf.2b6aca4deb8d05243dbefe85f26bbcf3.txt,0,0.6385199240986718,0.5516666666666666,0.08918406072106262,0.06333333333333334,0.0056483238456672994
train,img-551_jpg.rf.2b6aca4deb8d05243dbefe85f26bbcf3.txt,0,0.9108159392789373,0.69,0.17077798861480076,0.08666666666666667,0.014800759013282733
train,img-551_jpg.rf.2b6aca4deb8d05243dbefe85f26bbcf3.txt,0,0.7874762808349146,0.5666666666666667,0.0683111954459203,0.07333333333333333,0.005009487666034156
train,img-551_jpg.rf.2b6aca4deb8d05243dbefe85f26bbcf3.txt,0,0.7172675521821632,0.44166666666666665,0.04174573055028463,0.043333333333333335,0.0018089816571790008
train,img-551_jpg.rf.2b6aca4deb8d05243dbefe85f26bbcf3.txt,0,0.5853889943074004,0.375,0.07020872865275142,0.043333333333333335,0.003042378241619228
train,img-551_jpg.rf.2b6aca4deb8d05243dbefe85f26bbcf3.txt,0,0.6622390891840607,0.705,0.08349146110056926,0.07,0.005844402277039849
train,img-551_jpg.rf.2b6aca4deb8d05243dbefe85f26bbcf3.txt,0,0.6707779886148008,0.3883333333333333,0.051233396584440226,0.023333333333333334,0.0011954459203036053
train,img-552_jpg.rf.ec9f1bee01c43e917639e624ebacc332.txt,0,0.41375,0.48,0.3925,0.30666666666666664,0.12036666666666666
train,img-552_jpg.rf.ec9f1bee01c43e917639e624ebacc332.txt,0,0.1525,0.8066666666666666,0.305,0.21333333333333335,0.06506666666666668
train,img-552_jpg.rf.ec9f1bee01c43e917639e624ebacc332.txt,0,0.8275,0.515,0.25,0.12333333333333334,0.030833333333333334
train,img-552_jpg.rf.ec9f1bee01c43e917639e624ebacc332.txt,0,0.83,0.6333333333333333,0.25,0.13333333333333333,0.03333333333333333
train,img-552_jpg.rf.ec9f1bee01c43e917639e624ebacc332.txt,0,0.79375,0.81,0.2175,0.25333333333333335,0.0551
train,img-552_jpg.rf.ec9f1bee01c43e917639e624ebacc332.txt,0,0.69375,0.37833333333333335,0.2625,0.12333333333333334,0.032375
train,img-552_jpg.rf.ec9f1bee01c43e917639e624ebacc332.txt,0,0.665,0.275,0.155,0.056666666666666664,0.008783333333333332
train,img-552_jpg.rf.ec9f1bee01c43e917639e624ebacc332.txt,0,0.37875,0.165,0.1725,0.07,0.012075
train,img-552_jpg.rf.ec9f1bee01c43e917639e624ebacc332.txt,0,0.575,0.195,0.175,0.07666666666666666,0.013416666666666665
train,img-552_jpg.rf.ec9f1bee01c43e917639e624ebacc332.txt,0,0.73875,0.15833333333333333,0.1375,0.09,0.012375
train,img-552_jpg.rf.ec9f1bee01c43e917639e624ebacc332.txt,0,0.6575,0.095,0.105,0.05,0.00525
train,img-552_jpg.rf.ec9f1bee01c43e917639e624ebacc332.txt,0,0.54875,0.07,0.1175,0.04,0.0047
train,img-552_jpg.rf.ec9f1bee01c43e917639e624ebacc332.txt,0,0.43875,0.095,0.1175,0.043333333333333335,0.005091666666666666
train,img-552_jpg.rf.ec9f1bee01c43e917639e624ebacc332.txt,0,0.26,0.11333333333333333,0.085,0.03333333333333333,0.0028333333333333335
train,img-552_jpg.rf.ec9f1bee01c43e917639e624ebacc332.txt,0,0.29125,0.06333333333333334,0.0625,0.02,0.00125
train,img-552_jpg.rf.ec9f1bee01c43e917639e624ebacc332.txt,0,0.31125,0.023333333333333334,0.0575,0.02,0.00115
train,img-552_jpg.rf.ec9f1bee01c43e917639e624ebacc332.txt,0,0.38,0.04,0.06,0.02666666666666667,0.0016
train,img-553_jpg.rf.3d751837334ee73ff7a2450529875ff1.txt,0,0.5164835164835165,0.3233333333333333,0.07032967032967033,0.03333333333333333,0.0023443223443223443
train,img-553_jpg.rf.3d751837334ee73ff7a2450529875ff1.txt,0,0.34725274725274724,0.5983333333333334,0.41318681318681316,0.33666666666666667,0.1391062271062271
train,img-554_jpg.rf.bd50fd0a9719bf9dc5a1e028c7a74b5a.txt,0,0.42199248120300753,0.5866666666666667,0.16353383458646617,0.09333333333333334,0.015263157894736843
train,img-554_jpg.rf.bd50fd0a9719bf9dc5a1e028c7a74b5a.txt,0,0.2716165413533835,0.53,0.14097744360902256,0.06666666666666667,0.009398496240601503
train,img-554_jpg.rf.bd50fd0a9719bf9dc5a1e028c7a74b5a.txt,0,0.16165413533834586,0.45166666666666666,0.16541353383458646,0.07,0.011578947368421053
train,img-554_jpg.rf.bd50fd0a9719bf9dc5a1e028c7a74b5a.txt,0,0.20394736842105263,0.7716666666666666,0.35526315789473684,0.13666666666666666,0.04855263157894737
train,img-554_jpg.rf.bd50fd0a9719bf9dc5a1e028c7a74b5a.txt,0,0.3806390977443609,0.915,0.20112781954887218,0.14333333333333334,0.028828320802005016
train,img-554_jpg.rf.bd50fd0a9719bf9dc5a1e028c7a74b5a.txt,0,0.6870300751879699,0.8033333333333333,0.15977443609022557,0.06666666666666667,0.010651629072681704
train,img-554_jpg.rf.bd50fd0a9719bf9dc5a1e028c7a74b5a.txt,0,0.3392857142857143,0.4533333333333333,0.18609022556390978,0.05333333333333334,0.009924812030075189
train,img-555_jpg.rf.dba58c9ee204b9fe294a6b780157c109.txt,0,0.55625,0.555,0.4425,0.21666666666666667,0.095875
train,img-557_jpg.rf.a5b8313b9acd22b69d558f6f3c46d433.txt,0,0.48875,0.5433333333333333,0.2475,0.14666666666666667,0.0363
train,img-559_jpg.rf.b1a2ceed9c2d8dc113f4ee9c8fff530c.txt,0,0.6894934333958724,0.395,0.3771106941838649,0.5166666666666667,0.1948405253283302
train,img-559_jpg.rf.b1a2ceed9c2d8dc113f4ee9c8fff530c.txt,0,0.043151969981238276,0.9266666666666666,0.08630393996247655,0.14,0.01208255159474672
train,img-55_jpg.rf.1b8af76b80e22349171b71e533fa126d.txt,0,0.18472222222222223,0.6618055555555555,0.10555555555555556,0.07083333333333333,0.007476851851851852
train,img-55_jpg.rf.1b8af76b80e22349171b71e533fa126d.txt,0,0.2743055555555556,0.5840277777777778,0.13472222222222222,0.07361111111111111,0.009917052469135802
train,img-55_jpg.rf.1b8af76b80e22349171b71e533fa126d.txt,0,0.5284722222222222,0.5020833333333333,0.25416666666666665,0.15694444444444444,0.03989004629629629
train,img-55_jpg.rf.1b8af76b80e22349171b71e533fa126d.txt,0,0.6104166666666667,0.2701388888888889,0.10138888888888889,0.07361111111111111,0.007463348765432099
train,img-55_jpg.rf.1b8af76b80e22349171b71e533fa126d.txt,0,0.1388888888888889,0.11527777777777778,0.2777777777777778,0.15833333333333333,0.04398148148148148
train,img-560_jpg.rf.6d7310e15cca82d248f956890f2d5185.txt,0,0.28,0.4816666666666667,0.04888888888888889,0.03666666666666667,0.0017925925925925926
train,img-560_jpg.rf.6d7310e15cca82d248f956890f2d5185.txt,0,0.6133333333333333,0.435,0.06666666666666667,0.03666666666666667,0.0024444444444444444
train,img-560_jpg.rf.6d7310e15cca82d248f956890f2d5185.txt,0,0.5588888888888889,0.36,0.028888888888888888,0.02,0.0005777777777777778
train,img-560_jpg.rf.6d7310e15cca82d248f956890f2d5185.txt,0,0.43333333333333335,0.3333333333333333,0.06222222222222222,0.02666666666666667,0.0016592592592592594
train,img-561_jpg.rf.00e55aff1b67a607a6631ac6a05bf7af.txt,0,0.4825,0.14666666666666667,0.09,0.04666666666666667,0.0042
train,img-561_jpg.rf.00e55aff1b67a607a6631ac6a05bf7af.txt,0,0.54375,0.04666666666666667,0.1425,0.06666666666666667,0.0095
train,img-561_jpg.rf.00e55aff1b67a607a6631ac6a05bf7af.txt,0,0.84625,0.26666666666666666,0.3025,0.5333333333333333,0.16133333333333333
train,img-561_jpg.rf.00e55aff1b67a607a6631ac6a05bf7af.txt,0,0.395,0.46,0.695,0.3466666666666667,0.24093333333333333
train,img-561_jpg.rf.00e55aff1b67a607a6631ac6a05bf7af.txt,0,0.2975,0.8316666666666667,0.295,0.33,0.09735
train,img-561_jpg.rf.00e55aff1b67a607a6631ac6a05bf7af.txt,0,0.055,0.8066666666666666,0.105,0.08,0.0084
train,img-561_jpg.rf.00e55aff1b67a607a6631ac6a05bf7af.txt,0,0.44,0.21833333333333332,0.07,0.06333333333333334,0.004433333333333334
train,img-561_jpg.rf.00e55aff1b67a607a6631ac6a05bf7af.txt,0,0.3525,0.25833333333333336,0.09,0.056666666666666664,0.0050999999999999995
train,img-561_jpg.rf.00e55aff1b67a607a6631ac6a05bf7af.txt,0,0.92125,0.59,0.1525,0.1,0.01525
train,img-562_jpg.rf.ab7bdf89e5af687b9314b09ddcd3830d.txt,0,0.44875,0.3933333333333333,0.0825,0.06,0.00495
train,img-562_jpg.rf.ab7bdf89e5af687b9314b09ddcd3830d.txt,0,0.51375,0.9283333333333333,0.1075,0.13666666666666666,0.014691666666666665
train,img-563_jpg.rf.49bd84d4290d0c5e02175c91364b6b3e.txt,0,0.4333958724202627,0.77,0.1050656660412758,0.13333333333333333,0.014008755472170106
train,img-563_jpg.rf.49bd84d4290d0c5e02175c91364b6b3e.txt,0,0.6519699812382739,0.17833333333333334,0.13696060037523453,0.11,0.015065666041275797
train,img-564_jpg.rf.5698b398c84abd43b6fa425dd1613e78.txt,0,0.5075,0.7433333333333333,0.205,0.12666666666666668,0.025966666666666666
train,img-564_jpg.rf.5698b398c84abd43b6fa425dd1613e78.txt,0,0.13875,0.64,0.2625,0.12666666666666668,0.03325
train,img-564_jpg.rf.5698b398c84abd43b6fa425dd1613e78.txt,0,0.63,0.56,0.255,0.07333333333333333,0.0187
train,img-564_jpg.rf.5698b398c84abd43b6fa425dd1613e78.txt,0,0.84,0.655,0.115,0.056666666666666664,0.006516666666666666
train,img-564_jpg.rf.5698b398c84abd43b6fa425dd1613e78.txt,0,0.40625,0.43,0.1325,0.04,0.0053
train,img-565_jpg.rf.bd70802866f547c938d6d3107ac92f47.txt,0,0.4766009852216749,0.5633333333333334,0.9532019704433498,0.5733333333333334,0.5465024630541873
train,img-566_jpg.rf.04baef7f164a924d84511224f7b46b8a.txt,0,0.5707762557077626,0.19,0.0776255707762557,0.04,0.003105022831050228
train,img-566_jpg.rf.04baef7f164a924d84511224f7b46b8a.txt,0,0.5285388127853882,0.12333333333333334,0.06621004566210045,0.04,0.0026484018264840183
train,img-566_jpg.rf.04baef7f164a924d84511224f7b46b8a.txt,0,0.589041095890411,0.44166666666666665,0.0867579908675799,0.09,0.007808219178082191
train,img-566_jpg.rf.04baef7f164a924d84511224f7b46b8a.txt,0,0.728310502283105,0.3883333333333333,0.1095890410958904,0.09,0.009863013698630137
train,img-566_jpg.rf.04baef7f164a924d84511224f7b46b8a.txt,0,0.8242009132420092,0.7383333333333333,0.0867579908675799,0.09666666666666666,0.008386605783866057
train,img-566_jpg.rf.04baef7f164a924d84511224f7b46b8a.txt,0,0.4771689497716895,0.6116666666666667,0.1004566210045662,0.08333333333333333,0.00837138508371385
train,img-566_jpg.rf.04baef7f164a924d84511224f7b46b8a.txt,0,0.3264840182648402,0.33166666666666667,0.0410958904109589,0.03666666666666667,0.001506849315068493
train,img-566_jpg.rf.04baef7f164a924d84511224f7b46b8a.txt,0,0.295662100456621,0.3,0.03881278538812785,0.04,0.001552511415525114
train,img-566_jpg.rf.04baef7f164a924d84511224f7b46b8a.txt,0,0.24315068493150685,0.4266666666666667,0.08447488584474885,0.07333333333333333,0.006194824961948249
train,img-566_jpg.rf.04baef7f164a924d84511224f7b46b8a.txt,0,0.2328767123287671,0.5666666666666667,0.0958904109589041,0.11333333333333333,0.010867579908675798
train,img-568_jpg.rf.16fab8adbb7580a03dddd4f458212d4c.txt,0,0.47375,0.44666666666666666,0.3875,0.22,0.08525
train,img-568_jpg.rf.16fab8adbb7580a03dddd4f458212d4c.txt,0,0.27875,0.3,0.1125,0.06666666666666667,0.0075
train,img-569_jpg.rf.2b1c4b01aeb0f3c6b2f853c7b121fa62.txt,0,0.4975,0.44666666666666666,0.21,0.07333333333333333,0.015399999999999999
train,img-569_jpg.rf.2b1c4b01aeb0f3c6b2f853c7b121fa62.txt,0,0.53375,0.5733333333333334,0.3175,0.11333333333333333,0.03598333333333333
train,img-56_jpg.rf.f8fd2a331afb8baf1cd530144b8dcbf0.txt,0,0.5020833333333333,0.45069444444444445,0.2625,0.14027777777777778,0.03682291666666667
train,img-56_jpg.rf.f8fd2a331afb8baf1cd530144b8dcbf0.txt,0,0.5972222222222222,0.11180555555555556,0.05555555555555555,0.02361111111111111,0.0013117283950617282
train,img-570_jpg.rf.23478ec934f8e2d0ff5838c3124d89f2.txt,0,0.6078799249530957,0.49333333333333335,0.150093808630394,0.15333333333333332,0.023014383989993746
train,img-570_jpg.rf.23478ec934f8e2d0ff5838c3124d89f2.txt,0,0.5178236397748592,0.67,0.16885553470919323,0.09333333333333334,0.015759849906191368
train,img-570_jpg.rf.23478ec934f8e2d0ff5838c3124d89f2.txt,0,0.34803001876172607,0.9366666666666666,0.10694183864915573,0.12,0.012833020637898688
train,img-570_jpg.rf.23478ec934f8e2d0ff5838c3124d89f2.txt,0,0.8311444652908068,0.7533333333333333,0.1050656660412758,0.08666666666666667,0.00910569105691057
train,img-570_jpg.rf.23478ec934f8e2d0ff5838c3124d89f2.txt,0,0.6969981238273921,0.185,0.08818011257035648,0.11666666666666667,0.010287679799874922
train,img-571_jpg.rf.df521aa0f45aa986a3e937de4083272e.txt,0,0.35553470919324576,0.525,0.06941838649155722,0.043333333333333335,0.0030081300813008132
train,img-571_jpg.rf.df521aa0f45aa986a3e937de4083272e.txt,0,0.12195121951219512,0.8183333333333334,0.15384615384615385,0.17666666666666667,0.02717948717948718
train,img-571_jpg.rf.df521aa0f45aa986a3e937de4083272e.txt,0,0.2026266416510319,0.8883333333333333,0.0825515947467167,0.10333333333333333,0.008530331457160725
train,img-571_jpg.rf.df521aa0f45aa986a3e937de4083272e.txt,0,0.32926829268292684,0.7283333333333334,0.09193245778611632,0.09,0.008273921200750468
train,img-571_jpg.rf.df521aa0f45aa986a3e937de4083272e.txt,0,0.4277673545966229,0.745,0.09380863039399624,0.08333333333333333,0.007817385866166354
train,img-571_jpg.rf.df521aa0f45aa986a3e937de4083272e.txt,0,0.5656660412757973,0.765,0.07692307692307693,0.06333333333333334,0.004871794871794873
train,img-571_jpg.rf.df521aa0f45aa986a3e937de4083272e.txt,0,0.48592870544090055,0.8766666666666667,0.0900562851782364,0.1,0.00900562851782364
train,img-571_jpg.rf.df521aa0f45aa986a3e937de4083272e.txt,0,0.3452157598499062,0.895,0.0975609756097561,0.11,0.010731707317073172
train,img-571_jpg.rf.df521aa0f45aa986a3e937de4083272e.txt,0,0.40150093808630394,0.9716666666666667,0.1275797373358349,0.05,0.006378986866791745
train,img-571_jpg.rf.df521aa0f45aa986a3e937de4083272e.txt,0,0.6341463414634146,0.9483333333333334,0.1275797373358349,0.08333333333333333,0.01063164477798624
train,img-571_jpg.rf.df521aa0f45aa986a3e937de4083272e.txt,0,0.45872420262664165,0.57,0.043151969981238276,0.04,0.0017260787992495312
train,img-571_jpg.rf.df521aa0f45aa986a3e937de4083272e.txt,0,0.42120075046904315,0.5433333333333333,0.03564727954971857,0.02,0.0007129455909943715
train,img-571_jpg.rf.df521aa0f45aa986a3e937de4083272e.txt,0,0.5272045028142589,0.52,0.15384615384615385,0.13333333333333333,0.020512820512820513
train,img-571_jpg.rf.df521aa0f45aa986a3e937de4083272e.txt,0,0.7720450281425891,0.7066666666666667,0.324577861163227,0.23333333333333334,0.07573483427141964
train,img-571_jpg.rf.df521aa0f45aa986a3e937de4083272e.txt,0,0.9333958724202627,0.9066666666666666,0.1294559099437148,0.18,0.023302063789868665
train,img-572_jpg.rf.574ecb002f88fd6cff3bfe8801094ef4.txt,0,0.4521575984990619,0.5433333333333333,0.18386491557223264,0.07333333333333333,0.013483427141963726
train,img-572_jpg.rf.574ecb002f88fd6cff3bfe8801094ef4.txt,0,0.5628517823639775,0.535,0.0525328330206379,0.05,0.0026266416510318954
train,img-572_jpg.rf.574ecb002f88fd6cff3bfe8801094ef4.txt,0,0.0825515947467167,0.43,0.06378986866791744,0.03333333333333333,0.0021263289555972483
train,img-573_jpg.rf.da9254336436b337c14edd7cb0bb7c39.txt,0,0.48253676470588236,0.54,0.6930147058823529,0.2733333333333333,0.1894240196078431
train,img-574_jpg.rf.bb4440939828e45cfc00da0f7231dde8.txt,0,0.7309236947791165,0.7033333333333334,0.41767068273092367,0.12,0.05012048192771084
train,img-574_jpg.rf.bb4440939828e45cfc00da0f7231dde8.txt,0,0.3232931726907631,0.5683333333333334,0.30120481927710846,0.09,0.02710843373493976
train,img-574_jpg.rf.bb4440939828e45cfc00da0f7231dde8.txt,0,0.19578313253012047,0.48,0.19477911646586346,0.06666666666666667,0.012985274431057564
train,img-574_jpg.rf.bb4440939828e45cfc00da0f7231dde8.txt,0,0.44377510040160645,0.4266666666666667,0.17670682730923695,0.04666666666666667,0.008246318607764392
train,img-574_jpg.rf.bb4440939828e45cfc00da0f7231dde8.txt,0,0.12650602409638553,0.37,0.10040160642570281,0.03333333333333333,0.0033467202141900937
train,img-574_jpg.rf.bb4440939828e45cfc00da0f7231dde8.txt,0,0.02208835341365462,0.345,0.04417670682730924,0.03,0.001325301204819277
train,img-574_jpg.rf.bb4440939828e45cfc00da0f7231dde8.txt,0,0.5301204819277109,0.24666666666666667,0.10040160642570281,0.02666666666666667,0.0026773761713520753
train,img-574_jpg.rf.bb4440939828e45cfc00da0f7231dde8.txt,0,0.6184738955823293,0.18,0.13654618473895583,0.02,0.0027309236947791167
train,img-574_jpg.rf.bb4440939828e45cfc00da0f7231dde8.txt,0,0.6546184738955824,0.485,0.0963855421686747,0.056666666666666664,0.005461847389558233
train,img-575_jpg.rf.d6b69bda83c57f9464d9a9a7e6f972f7.txt,0,0.26405867970660146,0.38333333333333336,0.30317848410757947,0.19333333333333333,0.058614506927465365
train,img-575_jpg.rf.d6b69bda83c57f9464d9a9a7e6f972f7.txt,0,0.6821515892420538,0.22666666666666666,0.3569682151589242,0.06,0.02141809290953545
train,img-575_jpg.rf.d6b69bda83c57f9464d9a9a7e6f972f7.txt,0,0.6943765281173594,0.17166666666666666,0.24938875305623473,0.03,0.007481662591687041
train,img-575_jpg.rf.d6b69bda83c57f9464d9a9a7e6f972f7.txt,0,0.6112469437652812,0.39666666666666667,0.30317848410757947,0.09333333333333334,0.02829665851670742
train,img-575_jpg.rf.d6b69bda83c57f9464d9a9a7e6f972f7.txt,0,0.6149144254278729,0.7133333333333334,0.6625916870415648,0.3466666666666667,0.22969845150774246
train,img-577_jpg.rf.0b2614262552a9d5aef5b1c24ac4d748.txt,0,0.28125,0.6433333333333333,0.4125,0.26666666666666666,0.10999999999999999
train,img-577_jpg.rf.0b2614262552a9d5aef5b1c24ac4d748.txt,0,0.253125,0.4166666666666667,0.07708333333333334,0.04,0.0030833333333333338
train,img-577_jpg.rf.0b2614262552a9d5aef5b1c24ac4d748.txt,0,0.134375,0.8983333333333333,0.12708333333333333,0.19666666666666666,0.024993055555555553
train,img-577_jpg.rf.0b2614262552a9d5aef5b1c24ac4d748.txt,0,0.6395833333333333,0.715,0.14166666666666666,0.14333333333333334,0.020305555555555556
train,img-577_jpg.rf.0b2614262552a9d5aef5b1c24ac4d748.txt,0,0.6927083333333334,0.8716666666666667,0.08541666666666667,0.13666666666666666,0.01167361111111111
train,img-577_jpg.rf.0b2614262552a9d5aef5b1c24ac4d748.txt,0,0.8104166666666667,0.825,0.12083333333333333,0.14333333333333334,0.017319444444444446
train,img-577_jpg.rf.0b2614262552a9d5aef5b1c24ac4d748.txt,0,0.8270833333333333,0.6633333333333333,0.1625,0.12,0.0195
train,img-577_jpg.rf.0b2614262552a9d5aef5b1c24ac4d748.txt,0,0.878125,0.555,0.23541666666666666,0.14333333333333334,0.033743055555555554
train,img-577_jpg.rf.0b2614262552a9d5aef5b1c24ac4d748.txt,0,0.7114583333333333,0.45666666666666667,0.08541666666666667,0.08,0.006833333333333334
train,img-577_jpg.rf.0b2614262552a9d5aef5b1c24ac4d748.txt,0,0.7697916666666667,0.3983333333333333,0.13125,0.07,0.009187500000000001
train,img-577_jpg.rf.0b2614262552a9d5aef5b1c24ac4d748.txt,0,0.6,0.54,0.14583333333333334,0.14666666666666667,0.02138888888888889
train,img-577_jpg.rf.0b2614262552a9d5aef5b1c24ac4d748.txt,0,0.4791666666666667,0.4216666666666667,0.07083333333333333,0.07,0.004958333333333334
train,img-577_jpg.rf.0b2614262552a9d5aef5b1c24ac4d748.txt,0,0.9479166666666666,0.7933333333333333,0.1,0.13333333333333333,0.013333333333333334
train,img-577_jpg.rf.0b2614262552a9d5aef5b1c24ac4d748.txt,0,0.49270833333333336,0.7316666666666667,0.06458333333333334,0.11,0.0071041666666666675
train,img-578_jpg.rf.5debbb9d599b351e32b855f0a443b0a1.txt,0,0.532293986636971,0.5316666666666666,0.6146993318485523,0.6633333333333333,0.40775055679287303
train,img-579_jpg.rf.8ee8008110728a0b1d1198a9f4bbdc74.txt,0,0.49875,0.73,0.9975,0.4266666666666667,0.42560000000000003
train,img-57_jpg.rf.9992e945c7131d09ceb361ef353dc560.txt,0,0.49236111111111114,0.4756944444444444,0.2263888888888889,0.13194444444444445,0.02987075617283951
train,img-580_jpg.rf.ef207bf01374eb491f8d0145ce0a76a4.txt,0,0.3233644859813084,0.6933333333333334,0.10467289719626169,0.08666666666666667,0.00907165109034268
train,img-580_jpg.rf.ef207bf01374eb491f8d0145ce0a76a4.txt,0,0.3177570093457944,0.5783333333333334,0.052336448598130844,0.043333333333333335,0.00226791277258567
train,img-580_jpg.rf.ef207bf01374eb491f8d0145ce0a76a4.txt,0,0.48411214953271026,0.85,0.10841121495327102,0.08666666666666667,0.00939563862928349
train,img-581_jpg.rf.8c5c82afd59e6af22ff5a3e3c72aff1f.txt,0,0.19574944071588368,0.5016666666666667,0.10067114093959731,0.056666666666666664,0.005704697986577181
train,img-581_jpg.rf.8c5c82afd59e6af22ff5a3e3c72aff1f.txt,0,0.24608501118568232,0.615,0.14317673378076062,0.12333333333333334,0.017658463832960478
train,img-581_jpg.rf.8c5c82afd59e6af22ff5a3e3c72aff1f.txt,0,0.7863534675615212,0.61,0.2214765100671141,0.11333333333333333,0.0251006711409396
train,img-581_jpg.rf.8c5c82afd59e6af22ff5a3e3c72aff1f.txt,0,0.843400447427293,0.77,0.058165548098434,0.03333333333333333,0.0019388516032811333
train,img-581_jpg.rf.8c5c82afd59e6af22ff5a3e3c72aff1f.txt,0,0.843400447427293,0.8733333333333333,0.1029082774049217,0.11333333333333333,0.011662938105891125
train,img-581_jpg.rf.8c5c82afd59e6af22ff5a3e3c72aff1f.txt,0,0.7170022371364653,0.7583333333333333,0.12751677852348994,0.09666666666666666,0.01232662192393736
train,img-582_jpg.rf.5a67b2d4a4085a2d227651c26648dd80.txt,0,0.46673596673596673,0.49666666666666665,0.817047817047817,0.84,0.6863201663201662
train,img-583_jpg.rf.1bc1beae7fba61be76c754940edf7c6a.txt,0,0.7804878048780488,0.41,0.2964352720450281,0.2,0.05928705440900563
train,img-584_jpg.rf.fc44d8fdba9c7b8af37faaa753133602.txt,0,0.5239651416122004,0.5833333333333334,0.6427015250544662,0.66,0.4241830065359477
train,img-584_jpg.rf.fc44d8fdba9c7b8af37faaa753133602.txt,0,0.8856209150326797,0.11166666666666666,0.17647058823529413,0.18333333333333332,0.03235294117647059
train,img-585_jpg.rf.5affd0b2859d074e9e52f8540e31ce8d.txt,0,0.4622222222222222,0.375,0.38666666666666666,0.15,0.057999999999999996
train,img-585_jpg.rf.5affd0b2859d074e9e52f8540e31ce8d.txt,0,0.16111111111111112,0.345,0.13111111111111112,0.056666666666666664,0.00742962962962963
train,img-585_jpg.rf.5affd0b2859d074e9e52f8540e31ce8d.txt,0,0.3288888888888889,0.16,0.30666666666666664,0.17333333333333334,0.05315555555555555
train,img-585_jpg.rf.5affd0b2859d074e9e52f8540e31ce8d.txt,0,0.4988888888888889,0.045,0.16666666666666666,0.043333333333333335,0.007222222222222222
train,img-585_jpg.rf.5affd0b2859d074e9e52f8540e31ce8d.txt,0,0.42444444444444446,0.8266666666666667,0.8488888888888889,0.34,0.2886222222222222
train,img-587_jpg.rf.728787c37c5255b92d547db8e9effa4e.txt,0,0.31411530815109345,0.7266666666666667,0.3220675944333996,0.23333333333333334,0.07514910536779325
train,img-587_jpg.rf.728787c37c5255b92d547db8e9effa4e.txt,0,0.668986083499006,0.6333333333333333,0.08946322067594434,0.06,0.00536779324055666
train,img-589_jpg.rf.f5c99c482282385a102f43a01d51cbc6.txt,0,0.38,0.8216666666666667,0.13777777777777778,0.09666666666666666,0.013318518518518518
train,img-589_jpg.rf.f5c99c482282385a102f43a01d51cbc6.txt,0,0.4855555555555556,0.755,0.08222222222222222,0.056666666666666664,0.004659259259259259
train,img-589_jpg.rf.f5c99c482282385a102f43a01d51cbc6.txt,0,0.2577777777777778,0.61,0.13333333333333333,0.08,0.010666666666666666
train,img-589_jpg.rf.f5c99c482282385a102f43a01d51cbc6.txt,0,0.43444444444444447,0.59,0.06888888888888889,0.04666666666666667,0.003214814814814815
train,img-589_jpg.rf.f5c99c482282385a102f43a01d51cbc6.txt,0,0.5622222222222222,0.5966666666666667,0.08,0.03333333333333333,0.0026666666666666666
train,img-589_jpg.rf.f5c99c482282385a102f43a01d51cbc6.txt,0,0.6911111111111111,0.59,0.04888888888888889,0.03333333333333333,0.0016296296296296297
train,img-589_jpg.rf.f5c99c482282385a102f43a01d51cbc6.txt,0,0.57,0.5733333333333334,0.11777777777777777,0.02666666666666667,0.003140740740740741
train,img-589_jpg.rf.f5c99c482282385a102f43a01d51cbc6.txt,0,0.4288888888888889,0.49333333333333335,0.08444444444444445,0.04666666666666667,0.003940740740740741
train,img-589_jpg.rf.f5c99c482282385a102f43a01d51cbc6.txt,0,0.18888888888888888,0.47833333333333333,0.035555555555555556,0.023333333333333334,0.0008296296296296297
train,img-589_jpg.rf.f5c99c482282385a102f43a01d51cbc6.txt,0,0.30333333333333334,0.5,0.06444444444444444,0.04,0.002577777777777778
train,img-589_jpg.rf.f5c99c482282385a102f43a01d51cbc6.txt,0,0.35555555555555557,0.44166666666666665,0.03111111111111111,0.023333333333333334,0.000725925925925926
train,img-589_jpg.rf.f5c99c482282385a102f43a01d51cbc6.txt,0,0.8066666666666666,0.7666666666666667,0.19555555555555557,0.1,0.01955555555555556
train,img-58_jpg.rf.e1472bdd09e11193dfe82afc2a0b6e9f.txt,0,0.45069444444444445,0.49375,0.2125,0.16527777777777777,0.03512152777777778
train,img-58_jpg.rf.e1472bdd09e11193dfe82afc2a0b6e9f.txt,0,0.21805555555555556,0.22291666666666668,0.17222222222222222,0.08194444444444444,0.014112654320987654
train,img-58_jpg.rf.e1472bdd09e11193dfe82afc2a0b6e9f.txt,0,0.7055555555555556,0.034027777777777775,0.075,0.05416666666666667,0.0040625
train,img-592_jpg.rf.6187cc73be9786a0826c78f03b69e072.txt,0,0.40476190476190477,0.5866666666666667,0.27976190476190477,0.15333333333333332,0.04289682539682539
train,img-592_jpg.rf.6187cc73be9786a0826c78f03b69e072.txt,0,0.4806547619047619,0.11,0.050595238095238096,0.02666666666666667,0.0013492063492063493
train,img-592_jpg.rf.6187cc73be9786a0826c78f03b69e072.txt,0,0.3913690476190476,0.10166666666666667,0.05654761904761905,0.016666666666666666,0.0009424603174603175
train,img-593_jpg.rf.9ecc7604e866912e7cddc0ea1c65d412.txt,0,0.5047984644913628,0.7283333333333334,0.3531669865642994,0.23666666666666666,0.08358285348688418
train,img-593_jpg.rf.9ecc7604e866912e7cddc0ea1c65d412.txt,0,0.7456813819577736,0.5666666666666667,0.3704414587332054,0.12,0.04445297504798464
train,img-593_jpg.rf.9ecc7604e866912e7cddc0ea1c65d412.txt,0,0.8522072936660269,0.4716666666666667,0.29174664107485604,0.12333333333333334,0.03598208573256558
train,img-594_jpg.rf.3d9a20acdc1aea9ccb25d694f7cdbbec.txt,0,0.11706783369803063,0.23333333333333334,0.1422319474835886,0.08,0.011378555798687089
train,img-594_jpg.rf.3d9a20acdc1aea9ccb25d694f7cdbbec.txt,0,0.324945295404814,0.06666666666666667,0.12910284463894967,0.08666666666666667,0.011188913202042305
train,img-594_jpg.rf.3d9a20acdc1aea9ccb25d694f7cdbbec.txt,0,0.7757111597374179,0.041666666666666664,0.10284463894967177,0.06333333333333334,0.00651349380014588
train,img-594_jpg.rf.3d9a20acdc1aea9ccb25d694f7cdbbec.txt,0,0.2210065645514223,0.3983333333333333,0.1925601750547046,0.14333333333333334,0.027600291757840994
train,img-594_jpg.rf.3d9a20acdc1aea9ccb25d694f7cdbbec.txt,0,0.31947483588621445,0.2966666666666667,0.09190371991247265,0.06666666666666667,0.00612691466083151
train,img-594_jpg.rf.3d9a20acdc1aea9ccb25d694f7cdbbec.txt,0,0.6367614879649891,0.48333333333333334,0.424507658643326,0.17333333333333334,0.07358132749817652
train,img-595_jpg.rf.f7d0b11ae9ac53ec52b154e001c576e1.txt,0,0.6683333333333333,0.6116666666666667,0.2633333333333333,0.19666666666666666,0.051788888888888884
train,img-595_jpg.rf.f7d0b11ae9ac53ec52b154e001c576e1.txt,0,0.325,0.8516666666666667,0.43666666666666665,0.27666666666666667,0.1208111111111111
train,img-595_jpg.rf.f7d0b11ae9ac53ec52b154e001c576e1.txt,0,0.8016666666666666,0.9366666666666666,0.33,0.12,0.0396
train,img-595_jpg.rf.f7d0b11ae9ac53ec52b154e001c576e1.txt,0,0.9183333333333333,0.745,0.15666666666666668,0.13666666666666666,0.02141111111111111
train,img-595_jpg.rf.f7d0b11ae9ac53ec52b154e001c576e1.txt,0,0.3416666666666667,0.455,0.39,0.16333333333333333,0.0637
train,img-595_jpg.rf.f7d0b11ae9ac53ec52b154e001c576e1.txt,0,0.6866666666666666,0.38333333333333336,0.15333333333333332,0.06666666666666667,0.010222222222222221
train,img-595_jpg.rf.f7d0b11ae9ac53ec52b154e001c576e1.txt,0,0.8766666666666667,0.43666666666666665,0.14,0.1,0.014000000000000002
train,img-595_jpg.rf.f7d0b11ae9ac53ec52b154e001c576e1.txt,0,0.9716666666666667,0.5133333333333333,0.05,0.06,0.003
train,img-595_jpg.rf.f7d0b11ae9ac53ec52b154e001c576e1.txt,0,0.6266666666666667,0.18333333333333332,0.15333333333333332,0.05333333333333334,0.008177777777777777
train,img-595_jpg.rf.f7d0b11ae9ac53ec52b154e001c576e1.txt,0,0.4816666666666667,0.2783333333333333,0.19,0.06333333333333334,0.012033333333333335
train,img-595_jpg.rf.f7d0b11ae9ac53ec52b154e001c576e1.txt,0,0.40166666666666667,0.21833333333333332,0.08333333333333333,0.03666666666666667,0.0030555555555555553
train,img-595_jpg.rf.f7d0b11ae9ac53ec52b154e001c576e1.txt,0,0.21666666666666667,0.22833333333333333,0.19333333333333333,0.07,0.013533333333333335
train,img-595_jpg.rf.f7d0b11ae9ac53ec52b154e001c576e1.txt,0,0.6933333333333334,0.125,0.1,0.03666666666666667,0.003666666666666667
train,img-595_jpg.rf.f7d0b11ae9ac53ec52b154e001c576e1.txt,0,0.5866666666666667,0.10666666666666667,0.13333333333333333,0.04,0.005333333333333333
train,img-595_jpg.rf.f7d0b11ae9ac53ec52b154e001c576e1.txt,0,0.34,0.15666666666666668,0.24666666666666667,0.06666666666666667,0.016444444444444446
train,img-595_jpg.rf.f7d0b11ae9ac53ec52b154e001c576e1.txt,0,0.75,0.06833333333333333,0.18,0.07,0.0126
train,img-595_jpg.rf.f7d0b11ae9ac53ec52b154e001c576e1.txt,0,0.5683333333333334,0.3433333333333333,0.13666666666666666,0.05333333333333334,0.007288888888888889
train,img-595_jpg.rf.f7d0b11ae9ac53ec52b154e001c576e1.txt,0,0.6883333333333334,0.2816666666666667,0.06333333333333334,0.03666666666666667,0.0023222222222222225
train,img-595_jpg.rf.f7d0b11ae9ac53ec52b154e001c576e1.txt,0,0.041666666666666664,0.71,0.08333333333333333,0.10666666666666667,0.008888888888888889
train,img-599_jpg.rf.c4e70e02e8afab3aa00ef5e1b88950ba.txt,0,0.05722326454033771,0.455,0.11069418386491557,0.07,0.007748592870544091
train,img-599_jpg.rf.c4e70e02e8afab3aa00ef5e1b88950ba.txt,0,0.36679174484052535,0.43833333333333335,0.05065666041275797,0.043333333333333335,0.0021951219512195124
train,img-599_jpg.rf.c4e70e02e8afab3aa00ef5e1b88950ba.txt,0,0.575046904315197,0.24666666666666667,0.08442776735459662,0.06,0.005065666041275797
train,img-599_jpg.rf.c4e70e02e8afab3aa00ef5e1b88950ba.txt,0,0.6679174484052532,0.31,0.0900562851782364,0.03333333333333333,0.00300187617260788
train,img-599_jpg.rf.c4e70e02e8afab3aa00ef5e1b88950ba.txt,0,0.626641651031895,0.36833333333333335,0.0525328330206379,0.03,0.001575984990619137
train,img-599_jpg.rf.c4e70e02e8afab3aa00ef5e1b88950ba.txt,0,0.5281425891181989,0.30333333333333334,0.05065666041275797,0.03333333333333333,0.0016885553470919325
train,img-599_jpg.rf.c4e70e02e8afab3aa00ef5e1b88950ba.txt,0,0.49530956848030017,0.57,0.08630393996247655,0.06666666666666667,0.0057535959974984365
train,img-599_jpg.rf.c4e70e02e8afab3aa00ef5e1b88950ba.txt,0,0.40619136960600377,0.6583333333333333,0.15947467166979362,0.11,0.0175422138836773
train,img-599_jpg.rf.c4e70e02e8afab3aa00ef5e1b88950ba.txt,0,0.6228893058161351,0.53,0.0450281425891182,0.03333333333333333,0.00150093808630394
train,img-599_jpg.rf.c4e70e02e8afab3aa00ef5e1b88950ba.txt,0,0.6782363977485929,0.6616666666666666,0.20075046904315197,0.09,0.018067542213883677
train,img-599_jpg.rf.c4e70e02e8afab3aa00ef5e1b88950ba.txt,0,0.699812382739212,0.85,0.17636022514071295,0.18666666666666668,0.03292057535959975
train,img-599_jpg.rf.c4e70e02e8afab3aa00ef5e1b88950ba.txt,0,0.7495309568480301,0.54,0.12195121951219512,0.1,0.012195121951219513
train,img-59_jpg.rf.5b0be5064b3641271cd16f2fc35f840f.txt,0,0.5125,0.4486111111111111,0.4222222222222222,0.24166666666666667,0.10203703703703704
train,img-59_jpg.rf.5b0be5064b3641271cd16f2fc35f840f.txt,0,0.4673611111111111,0.7090277777777778,0.24583333333333332,0.15416666666666667,0.037899305555555554
train,img-5_jpg.rf.22d6ac3fcee8b8da274f6c1d625215e2.txt,0,0.5270833333333333,0.5034722222222222,0.4097222222222222,0.13472222222222222,0.055198688271604936
train,img-5_jpg.rf.22d6ac3fcee8b8da274f6c1d625215e2.txt,0,0.2326388888888889,0.6652777777777777,0.12083333333333333,0.075,0.0090625
train,img-600_jpg.rf.75935912aecbd55fa5a0807ceceb02e8.txt,0,0.5466666666666666,0.6366666666666667,0.36,0.22,0.07919999999999999
train,img-600_jpg.rf.75935912aecbd55fa5a0807ceceb02e8.txt,0,0.6455555555555555,0.47333333333333333,0.2511111111111111,0.13333333333333333,0.03348148148148148
train,img-600_jpg.rf.75935912aecbd55fa5a0807ceceb02e8.txt,0,0.7988888888888889,0.3233333333333333,0.11333333333333333,0.08,0.009066666666666666
train,img-600_jpg.rf.75935912aecbd55fa5a0807ceceb02e8.txt,0,0.8111111111111111,0.22333333333333333,0.09777777777777778,0.04666666666666667,0.004562962962962963
train,img-600_jpg.rf.75935912aecbd55fa5a0807ceceb02e8.txt,0,0.82,0.18333333333333332,0.08,0.03333333333333333,0.0026666666666666666
train,img-602_jpg.rf.7ea8b9efa93431daf8b5d93df22620ac.txt,0,0.444234404536862,0.59,0.43100189035916825,0.44,0.18964083175803403
train,img-605_jpg.rf.dcd6b582a432a5bbce6b276057ef3660.txt,0,0.5344418052256532,0.565,0.7410926365795725,0.63,0.46688836104513065
train,img-606_jpg.rf.d525667a91c953bc458519a76afc2ca2.txt,0,0.5,0.5783333333333334,0.36666666666666664,0.8366666666666667,0.30677777777777776
train,img-607_jpg.rf.72e1f367a8ef39c033eafac3b66f7ea4.txt,0,0.4814432989690722,0.6066666666666667,0.7525773195876289,0.5533333333333333,0.41642611683848796
train,img-608_jpg.rf.6a019b85298c5fdcc6d1cc1377eb42a0.txt,0,0.45166666666666666,0.7436974789915967,0.8033333333333333,0.5070028011204482,0.4072922502334267
train,img-609_jpg.rf.e036fb262fec0db3c7c37622e7fcbcfd.txt,0,0.18,0.5466666666666666,0.195,0.08666666666666667,0.016900000000000002
train,img-609_jpg.rf.e036fb262fec0db3c7c37622e7fcbcfd.txt,0,0.50625,0.7133333333333334,0.5875,0.49333333333333335,0.28983333333333333
train,img-609_jpg.rf.e036fb262fec0db3c7c37622e7fcbcfd.txt,0,0.73,0.225,0.11,0.03666666666666667,0.004033333333333333
train,img-609_jpg.rf.e036fb262fec0db3c7c37622e7fcbcfd.txt,0,0.8075,0.31,0.35,0.13333333333333333,0.04666666666666666
train,img-609_jpg.rf.e036fb262fec0db3c7c37622e7fcbcfd.txt,0,0.98625,0.43,0.0225,0.06666666666666667,0.0015
train,img-610_jpg.rf.303b62652c5bf84b706fe1002f863b2f.txt,0,0.5616666666666666,0.615,0.45,0.175,0.07875
train,img-610_jpg.rf.303b62652c5bf84b706fe1002f863b2f.txt,0,0.53,0.39625,0.23333333333333334,0.0625,0.014583333333333334
train,img-610_jpg.rf.303b62652c5bf84b706fe1002f863b2f.txt,0,0.275,0.4125,0.15,0.045,0.00675
train,img-610_jpg.rf.303b62652c5bf84b706fe1002f863b2f.txt,0,0.11333333333333333,0.55875,0.22666666666666666,0.0675,0.015300000000000001
train,img-612_jpg.rf.246d9a359d2add666e99da37d8590d5c.txt,0,0.4025,0.615,0.715,0.45666666666666667,0.3265166666666667
train,img-612_jpg.rf.246d9a359d2add666e99da37d8590d5c.txt,0,0.62,0.21833333333333332,0.115,0.05,0.005750000000000001
train,img-612_jpg.rf.246d9a359d2add666e99da37d8590d5c.txt,0,0.60125,0.3416666666666667,0.1025,0.05,0.005125
train,img-612_jpg.rf.246d9a359d2add666e99da37d8590d5c.txt,0,0.84,0.31666666666666665,0.115,0.04666666666666667,0.005366666666666667
train,img-613_jpg.rf.ab3099bb3ff23deff31985fc9ffd1fc0.txt,0,0.4950592885375494,0.5183333333333333,0.575098814229249,0.38333333333333336,0.2204545454545455
train,img-613_jpg.rf.ab3099bb3ff23deff31985fc9ffd1fc0.txt,0,0.5098814229249012,0.7983333333333333,0.1225296442687747,0.17,0.0208300395256917
train,img-613_jpg.rf.ab3099bb3ff23deff31985fc9ffd1fc0.txt,0,0.1324110671936759,0.20333333333333334,0.19367588932806323,0.09333333333333334,0.018076416337285902
train,img-614_jpg.rf.727f9c1d1159709fea21d916f1a85d66.txt,0,0.5327004219409283,0.6433333333333333,0.36075949367088606,0.6733333333333333,0.2429113924050633
train,img-614_jpg.rf.727f9c1d1159709fea21d916f1a85d66.txt,0,0.5168776371308017,0.16,0.10548523206751055,0.07333333333333333,0.007735583684950774
train,img-616_jpg.rf.4d03aeb93b953e520bcaf53615ff9651.txt,0,0.3492239467849224,0.5516666666666666,0.04656319290465632,0.03666666666666667,0.0017073170731707317
train,img-616_jpg.rf.4d03aeb93b953e520bcaf53615ff9651.txt,0,0.4778270509977827,0.655,0.5476718403547672,0.2833333333333333,0.15517368810051738
train,img-616_jpg.rf.4d03aeb93b953e520bcaf53615ff9651.txt,0,0.7405764966740577,0.435,0.13747228381374724,0.07,0.009623059866962307
train,img-616_jpg.rf.4d03aeb93b953e520bcaf53615ff9651.txt,0,0.6042128603104213,0.38,0.050997782705099776,0.02666666666666667,0.001359940872135994
train,img-616_jpg.rf.4d03aeb93b953e520bcaf53615ff9651.txt,0,0.9634146341463414,0.6783333333333333,0.06873614190687362,0.07666666666666666,0.005269770879526977
train,img-617_jpg.rf.fa415edc42afffb71b94117a8200b43a.txt,0,0.5333333333333333,0.7133333333333334,0.13777777777777778,0.05333333333333334,0.007348148148148149
train,img-617_jpg.rf.fa415edc42afffb71b94117a8200b43a.txt,0,0.5911111111111111,0.7466666666666667,0.08,0.12,0.0096
train,img-617_jpg.rf.fa415edc42afffb71b94117a8200b43a.txt,0,0.41,0.9,0.45111111111111113,0.17333333333333334,0.0781925925925926
train,img-617_jpg.rf.fa415edc42afffb71b94117a8200b43a.txt,0,0.42333333333333334,0.6366666666666667,0.07777777777777778,0.04,0.0031111111111111114
train,img-617_jpg.rf.fa415edc42afffb71b94117a8200b43a.txt,0,0.42,0.5716666666666667,0.10666666666666667,0.023333333333333334,0.002488888888888889
train,img-618_jpg.rf.cc7c6c35a47a453b2b1347c6525691bb.txt,0,0.2804878048780488,0.5616666666666666,0.1294559099437148,0.21666666666666667,0.028048780487804875
train,img-618_jpg.rf.cc7c6c35a47a453b2b1347c6525691bb.txt,0,0.5056285178236398,0.87,0.21575984990619138,0.25333333333333335,0.05465916197623515
train,img-618_jpg.rf.cc7c6c35a47a453b2b1347c6525691bb.txt,0,0.6125703564727955,0.6616666666666666,0.06566604127579738,0.13,0.00853658536585366
train,img-618_jpg.rf.cc7c6c35a47a453b2b1347c6525691bb.txt,0,0.5121951219512195,0.26666666666666666,0.0975609756097561,0.08,0.007804878048780489
train,img-618_jpg.rf.cc7c6c35a47a453b2b1347c6525691bb.txt,0,0.5300187617260788,0.4716666666666667,0.14821763602251406,0.2833333333333333,0.04199499687304565
train,img-618_jpg.rf.cc7c6c35a47a453b2b1347c6525691bb.txt,0,0.5938086303939962,0.25333333333333335,0.06566604127579738,0.16666666666666666,0.010944340212632896
train,img-618_jpg.rf.cc7c6c35a47a453b2b1347c6525691bb.txt,0,0.5309568480300187,0.17,0.0525328330206379,0.03333333333333333,0.0017510944340212633
train,img-619_jpg.rf.5456a9e84bd2369e8f206f5c19410127.txt,0,0.534957627118644,0.49,0.4004237288135593,0.2733333333333333,0.10944915254237288
train,img-61_jpg.rf.2000a63661f2976215d740c84a7fa546.txt,0,0.46944444444444444,0.41944444444444445,0.17222222222222222,0.10555555555555556,0.01817901234567901
train,img-620_jpg.rf.077f5547cc7daeccf1aa61fd6ca2f0a4.txt,0,0.4028021015761821,0.7983333333333333,0.6234676007005254,0.20333333333333334,0.1267717454757735
train,img-620_jpg.rf.077f5547cc7daeccf1aa61fd6ca2f0a4.txt,0,0.8984238178633975,0.7666666666666667,0.07005253940455342,0.04666666666666667,0.0032691185055458262
train,img-622_jpg.rf.0de72c0dc080b1c68cc7573ef9e7d9aa.txt,0,0.31297709923664124,0.46166666666666667,0.33587786259541985,0.39,0.13099236641221373
train,img-622_jpg.rf.0de72c0dc080b1c68cc7573ef9e7d9aa.txt,0,0.6633587786259542,0.7416666666666667,0.3618320610687023,0.51,0.1845343511450382
train,img-622_jpg.rf.0de72c0dc080b1c68cc7573ef9e7d9aa.txt,0,0.766412213740458,0.4483333333333333,0.061068702290076333,0.10333333333333333,0.006310432569974554
train,img-622_jpg.rf.0de72c0dc080b1c68cc7573ef9e7d9aa.txt,0,0.7236641221374046,0.28833333333333333,0.08244274809160305,0.10333333333333333,0.008519083969465649
train,img-622_jpg.rf.0de72c0dc080b1c68cc7573ef9e7d9aa.txt,0,0.6595419847328244,0.35,0.0916030534351145,0.14666666666666667,0.013435114503816794
train,img-622_jpg.rf.0de72c0dc080b1c68cc7573ef9e7d9aa.txt,0,0.5755725190839694,0.12333333333333334,0.07022900763358779,0.11333333333333333,0.007959287531806615
train,img-622_jpg.rf.0de72c0dc080b1c68cc7573ef9e7d9aa.txt,0,0.467175572519084,0.041666666666666664,0.09465648854961832,0.05,0.004732824427480916
train,img-622_jpg.rf.0de72c0dc080b1c68cc7573ef9e7d9aa.txt,0,0.32213740458015266,0.08166666666666667,0.051908396946564885,0.06333333333333334,0.003287531806615776
train,img-623_jpg.rf.53d9491f77118c981d2204bc45323cf8.txt,0,0.4737827715355805,0.5266666666666666,0.599250936329588,0.72,0.4314606741573034
train,img-624_jpg.rf.502c75a86b1dad5430ad53cb148b40cd.txt,0,0.26697892271662765,0.6083333333333333,0.20608899297423888,0.11666666666666667,0.024043715846994537
train,img-624_jpg.rf.502c75a86b1dad5430ad53cb148b40cd.txt,0,0.4953161592505855,0.705,0.16159250585480095,0.11666666666666667,0.018852459016393444
train,img-624_jpg.rf.502c75a86b1dad5430ad53cb148b40cd.txt,0,0.3618266978922717,0.8716666666666667,0.13817330210772832,0.15666666666666668,0.021647150663544105
train,img-624_jpg.rf.502c75a86b1dad5430ad53cb148b40cd.txt,0,0.7353629976580797,0.9666666666666667,0.11241217798594848,0.06,0.006744730679156909
train,img-624_jpg.rf.502c75a86b1dad5430ad53cb148b40cd.txt,0,0.17798594847775176,0.5016666666666667,0.07962529274004684,0.056666666666666664,0.004512099921935988
train,img-624_jpg.rf.502c75a86b1dad5430ad53cb148b40cd.txt,0,0.08782201405152225,0.475,0.08665105386416862,0.05,0.004332552693208431
train,img-624_jpg.rf.502c75a86b1dad5430ad53cb148b40cd.txt,0,0.3629976580796253,0.44666666666666666,0.13114754098360656,0.05333333333333334,0.006994535519125684
train,img-624_jpg.rf.502c75a86b1dad5430ad53cb148b40cd.txt,0,0.25175644028103045,0.445,0.07728337236533958,0.03666666666666667,0.0028337236533957848
train,img-624_jpg.rf.502c75a86b1dad5430ad53cb148b40cd.txt,0,0.23770491803278687,0.40166666666666667,0.04449648711943794,0.03,0.0013348946135831382
train,img-624_jpg.rf.502c75a86b1dad5430ad53cb148b40cd.txt,0,0.7564402810304449,0.5033333333333333,0.08899297423887588,0.03333333333333333,0.002966432474629196
train,img-624_jpg.rf.502c75a86b1dad5430ad53cb148b40cd.txt,0,0.9637002341920374,0.53,0.06791569086651054,0.07333333333333333,0.00498048399687744
train,img-625_jpg.rf.8c9886bd3fb9566b5dbd3d1edaa3879a.txt,0,0.48405253283302063,0.5333333333333333,0.7392120075046904,0.24666666666666667,0.18233896185115697
train,img-625_jpg.rf.8c9886bd3fb9566b5dbd3d1edaa3879a.txt,0,0.2870544090056285,0.785,0.2776735459662289,0.2633333333333333,0.0731207004377736
train,img-625_jpg.rf.8c9886bd3fb9566b5dbd3d1edaa3879a.txt,0,0.6754221388367729,0.7966666666666666,0.4277673545966229,0.2866666666666667,0.1226266416510319
train,img-626_jpg.rf.9b8b117edc1728bf995873525c2b7ad5.txt,0,0.4688888888888889,0.4266666666666667,0.43555555555555553,0.18666666666666668,0.0813037037037037
train,img-626_jpg.rf.9b8b117edc1728bf995873525c2b7ad5.txt,0,0.9577777777777777,0.2733333333333333,0.08,0.04666666666666667,0.0037333333333333337
train,img-627_jpg.rf.4a7f140a3fdb2b92c552c1fe3361b5a4.txt,0,0.2475,0.7466666666666667,0.215,0.18,0.0387
train,img-627_jpg.rf.4a7f140a3fdb2b92c552c1fe3361b5a4.txt,0,0.7191666666666666,0.8183333333333334,0.165,0.10333333333333333,0.01705
train,img-628_jpg.rf.42b86eabd12459c1fcdde71b964b4513.txt,0,0.49440715883668906,0.46166666666666667,0.48322147651006714,0.5366666666666666,0.25932885906040265
train,img-62_jpg.rf.8c5233a41dc5fe17412129d1e9b7ad88.txt,0,0.43819444444444444,0.3763888888888889,0.18194444444444444,0.1527777777777778,0.027797067901234568
train,img-62_jpg.rf.8c5233a41dc5fe17412129d1e9b7ad88.txt,0,0.4041666666666667,0.5868055555555556,0.225,0.22916666666666666,0.0515625
train,img-630_jpg.rf.daa4c95b49226642dd5f9fa9d0d5b857.txt,0,0.37333333333333335,0.7416666666666667,0.6088888888888889,0.39666666666666667,0.24152592592592595
train,img-630_jpg.rf.daa4c95b49226642dd5f9fa9d0d5b857.txt,0,0.6822222222222222,0.4633333333333333,0.22666666666666666,0.11333333333333333,0.025688888888888886
train,img-632_jpg.rf.53a3e09948261d887eeda01c232773be.txt,0,0.19,0.8016666666666666,0.20222222222222222,0.09666666666666666,0.019548148148148148
train,img-633_jpg.rf.3a6adcebf0215036565a568ea9d8a870.txt,0,0.5288220551378446,0.4266666666666667,0.7769423558897243,0.36666666666666664,0.28487886382623223
train,img-636_jpg.rf.a6173bddbf7d20589954172debd64256.txt,0,0.46444444444444444,0.5733333333333334,0.3466666666666667,0.1,0.03466666666666667
train,img-636_jpg.rf.a6173bddbf7d20589954172debd64256.txt,0,0.5433333333333333,0.45,0.19777777777777777,0.05333333333333334,0.010548148148148149
train,img-636_jpg.rf.a6173bddbf7d20589954172debd64256.txt,0,0.57,0.37833333333333335,0.06444444444444444,0.03,0.0019333333333333331
train,img-636_jpg.rf.a6173bddbf7d20589954172debd64256.txt,0,0.7788888888888889,0.39166666666666666,0.13111111111111112,0.07,0.00917777777777778
train,img-636_jpg.rf.a6173bddbf7d20589954172debd64256.txt,0,0.9188888888888889,0.5483333333333333,0.15777777777777777,0.12333333333333334,0.01945925925925926
train,img-636_jpg.rf.a6173bddbf7d20589954172debd64256.txt,0,0.16444444444444445,0.8433333333333334,0.3288888888888889,0.18666666666666668,0.061392592592592596
train,img-636_jpg.rf.a6173bddbf7d20589954172debd64256.txt,0,0.6855555555555556,0.2633333333333333,0.03333333333333333,0.03333333333333333,0.0011111111111111111
train,img-637_jpg.rf.423e2e41b34b195a5c91a86f3fcad9e1.txt,0,0.3577586206896552,0.205,0.10344827586206896,0.03666666666666667,0.003793103448275862
train,img-637_jpg.rf.423e2e41b34b195a5c91a86f3fcad9e1.txt,0,0.27478448275862066,0.8083333333333333,0.12284482758620689,0.07666666666666666,0.009418103448275861
train,img-638_jpg.rf.2a8faf540acd84c4eba228bf828631be.txt,0,0.4774859287054409,0.495,0.8761726078799249,0.8166666666666667,0.7155409631019387
train,img-639_jpg.rf.b8377ab028151caa99b7ec0164b1e1cc.txt,0,0.44288389513108617,0.215,0.5449438202247191,0.25,0.13623595505617977
train,img-63_jpg.rf.9aa76f7292d30d50dd111ad2e580b6fd.txt,0,0.5131944444444444,0.44930555555555557,0.2791666666666667,0.18194444444444444,0.050792824074074074
train,img-640_jpg.rf.07e03157df4d66c761b4b8c3a4418cb9.txt,0,0.45875,0.6183333333333333,0.5925,0.37,0.219225
train,img-641_jpg.rf.c5579ea692508c43b5c0cd56cb9bbca1.txt,0,0.22952586206896552,0.43,0.4073275862068966,0.2866666666666667,0.11676724137931035
train,img-642_jpg.rf.d948fea937b446e71e3c93417aad9211.txt,0,0.42833333333333334,0.365,0.29,0.06,0.0174
train,img-642_jpg.rf.d948fea937b446e71e3c93417aad9211.txt,0,0.5366666666666666,0.635,0.5666666666666667,0.23,0.13033333333333333
train,img-642_jpg.rf.d948fea937b446e71e3c93417aad9211.txt,0,0.85,0.88625,0.25333333333333335,0.1275,0.0323
train,img-644_jpg.rf.c846835a4c152cbd22581385edfc421a.txt,0,0.5716666666666667,0.11278195488721804,0.4766666666666667,0.09022556390977443,0.04300751879699248
train,img-644_jpg.rf.c846835a4c152cbd22581385edfc421a.txt,0,0.49666666666666665,0.2744360902255639,0.30666666666666664,0.13784461152882205,0.042272347535505427
train,img-644_jpg.rf.c846835a4c152cbd22581385edfc421a.txt,0,0.4583333333333333,0.6541353383458647,0.73,0.49624060150375937,0.36225563909774433
train,img-645_jpg.rf.3bc2572b38ae76168880ecd94fc970c5.txt,0,0.6130820399113082,0.8566666666666667,0.4722838137472284,0.20666666666666667,0.09760532150776054
train,img-646_jpg.rf.26acf4b2f9f7b0e0935e30c10b22de66.txt,0,0.5037453183520599,0.6933333333333334,0.4756554307116105,0.23333333333333334,0.11098626716604244
train,img-647_jpg.rf.47741041990f3eb84cbc316d5d91642d.txt,0,0.5375234521575984,0.5766666666666667,0.3696060037523452,0.6066666666666667,0.22422764227642275
train,img-649_jpg.rf.7af50c8bd2d8f17c431910142ef8a569.txt,0,0.4473684210526316,0.4066666666666667,0.4473684210526316,0.3466666666666667,0.1550877192982456
train,img-649_jpg.rf.7af50c8bd2d8f17c431910142ef8a569.txt,0,0.8204887218045113,0.8383333333333334,0.3101503759398496,0.31666666666666665,0.09821428571428571
train,img-64_jpg.rf.87f8620de24096f7cceb3e1a38ca2bdf.txt,0,0.46041666666666664,0.5604166666666667,0.34305555555555556,0.1986111111111111,0.0681346450617284
train,img-652_jpg.rf.0590f1d28a51cd3ae140c3b7c8a35e19.txt,0,0.6155555555555555,0.8166666666666667,0.6444444444444445,0.34,0.21911111111111115
train,img-652_jpg.rf.0590f1d28a51cd3ae140c3b7c8a35e19.txt,0,0.21444444444444444,0.6283333333333333,0.4288888888888889,0.2633333333333333,0.11294074074074073
train,img-652_jpg.rf.0590f1d28a51cd3ae140c3b7c8a35e19.txt,0,0.12222222222222222,0.4116666666666667,0.24444444444444444,0.11666666666666667,0.02851851851851852
train,img-653_jpg.rf.0f72804027539a5d8568596a63951912.txt,0,0.09555555555555556,0.3016666666666667,0.19111111111111112,0.23,0.04395555555555556
train,img-653_jpg.rf.0f72804027539a5d8568596a63951912.txt,0,0.20222222222222222,0.021666666666666667,0.14222222222222222,0.043333333333333335,0.006162962962962963
train,img-653_jpg.rf.0f72804027539a5d8568596a63951912.txt,0,0.4766666666666667,0.5616666666666666,0.7266666666666667,0.5966666666666667,0.4335777777777778
train,img-654_jpg.rf.5b1781ad998ed69777161157b3edebff.txt,0,0.6855555555555556,0.6633333333333333,0.31777777777777777,0.14,0.04448888888888889
train,img-654_jpg.rf.5b1781ad998ed69777161157b3edebff.txt,0,0.62,0.5733333333333334,0.044444444444444446,0.02666666666666667,0.0011851851851851854
train,img-654_jpg.rf.5b1781ad998ed69777161157b3edebff.txt,0,0.13444444444444445,0.155,0.08222222222222222,0.03,0.0024666666666666665
train,img-655_jpg.rf.2a815e4e1eacc4b38e0f61a883f60211.txt,0,0.1750936329588015,0.7683333333333333,0.350187265917603,0.2966666666666667,0.1038888888888889
train,img-655_jpg.rf.2a815e4e1eacc4b38e0f61a883f60211.txt,0,0.3586142322097378,0.3883333333333333,0.3389513108614232,0.22333333333333333,0.07569912609238452
train,img-655_jpg.rf.2a815e4e1eacc4b38e0f61a883f60211.txt,0,0.13389513108614232,0.31,0.26779026217228463,0.26,0.06962546816479401
train,img-655_jpg.rf.2a815e4e1eacc4b38e0f61a883f60211.txt,0,0.3848314606741573,0.18333333333333332,0.14794007490636704,0.08,0.011835205992509364
train,img-655_jpg.rf.2a815e4e1eacc4b38e0f61a883f60211.txt,0,0.7940074906367042,0.19166666666666668,0.40823970037453183,0.21,0.08573033707865169
train,img-655_jpg.rf.2a815e4e1eacc4b38e0f61a883f60211.txt,0,0.7088014981273408,0.37333333333333335,0.31273408239700373,0.17333333333333334,0.05420724094881398
train,img-655_jpg.rf.2a815e4e1eacc4b38e0f61a883f60211.txt,0,0.8408239700374532,0.7383333333333333,0.3146067415730337,0.35,0.11011235955056178
train,img-655_jpg.rf.2a815e4e1eacc4b38e0f61a883f60211.txt,0,0.10955056179775281,0.12666666666666668,0.21910112359550563,0.09333333333333334,0.02044943820224719
train,img-657_jpg.rf.746593ccbdcc4662febd1f520098249a.txt,0,0.485,0.51,0.94,0.52,0.4888
train,img-659_jpg.rf.e4113ec56c93406c8d26fde5a8d88a73.txt,0,0.5187617260787992,0.69,0.6923076923076923,0.23333333333333334,0.16153846153846155
train,img-660_jpg.rf.136a06754370aa1b86ee084c9ae6da5f.txt,0,0.5533333333333333,0.83,0.1688888888888889,0.16,0.027022222222222225
train,img-661_jpg.rf.59e9415bda27ef166e9e0fa652a14b22.txt,0,0.6022514071294559,0.705,0.7842401500938087,0.5833333333333334,0.4574734208880551
train,img-662_jpg.rf.f3cd9beffc2c8a24cae595095d375a19.txt,0,0.4491150442477876,0.7266666666666667,0.15486725663716813,0.09333333333333334,0.014454277286135693
train,img-662_jpg.rf.f3cd9beffc2c8a24cae595095d375a19.txt,0,0.5243362831858407,0.8433333333333334,0.09734513274336283,0.08666666666666667,0.008436578171091445
train,img-662_jpg.rf.f3cd9beffc2c8a24cae595095d375a19.txt,0,0.6946902654867256,0.865,0.09734513274336283,0.11,0.010707964601769912
train,img-662_jpg.rf.f3cd9beffc2c8a24cae595095d375a19.txt,0,0.6238938053097345,0.5783333333333334,0.10176991150442478,0.056666666666666664,0.005766961651917404
train,img-662_jpg.rf.f3cd9beffc2c8a24cae595095d375a19.txt,0,0.37057522123893805,0.49166666666666664,0.05088495575221239,0.03,0.0015265486725663717
train,img-663_jpg.rf.eacecce4c5b4615ad0dbe455777e1547.txt,0,0.2462686567164179,0.435,0.33134328358208953,0.12333333333333334,0.04086567164179104
train,img-663_jpg.rf.eacecce4c5b4615ad0dbe455777e1547.txt,0,0.27611940298507465,0.55,0.19402985074626866,0.1,0.019402985074626868
train,img-663_jpg.rf.eacecce4c5b4615ad0dbe455777e1547.txt,0,0.491044776119403,0.6333333333333333,0.18208955223880596,0.12666666666666668,0.023064676616915424
train,img-663_jpg.rf.eacecce4c5b4615ad0dbe455777e1547.txt,0,0.31044776119402984,0.8366666666666667,0.32238805970149254,0.16,0.05158208955223881
train,img-663_jpg.rf.eacecce4c5b4615ad0dbe455777e1547.txt,0,0.7044776119402985,0.4483333333333333,0.07761194029850746,0.056666666666666664,0.004398009950248756
train,img-663_jpg.rf.eacecce4c5b4615ad0dbe455777e1547.txt,0,0.8731343283582089,0.2833333333333333,0.1582089552238806,0.08,0.012656716417910448
train,img-663_jpg.rf.eacecce4c5b4615ad0dbe455777e1547.txt,0,0.3880597014925373,0.18833333333333332,0.08358208955223881,0.03,0.002507462686567164
train,img-663_jpg.rf.eacecce4c5b4615ad0dbe455777e1547.txt,0,0.7194029850746269,0.07666666666666666,0.06567164179104477,0.03333333333333333,0.002189054726368159
train,img-663_jpg.rf.eacecce4c5b4615ad0dbe455777e1547.txt,0,0.7820895522388059,0.16833333333333333,0.07164179104477612,0.023333333333333334,0.0016716417910447763
train,img-663_jpg.rf.eacecce4c5b4615ad0dbe455777e1547.txt,0,0.8074626865671641,0.19166666666666668,0.07462686567164178,0.016666666666666666,0.0012437810945273632
train,img-664_jpg.rf.0392cc4f0a63d256e7c42f057345f8b5.txt,0,0.47,0.47,0.94,0.5666666666666667,0.5326666666666666
train,img-665_jpg.rf.f1b7ae957b1b1d8c1da0a36309e1f6e2.txt,0,0.43805309734513276,0.54,0.37610619469026546,0.22666666666666666,0.08525073746312684
train,img-66_jpg.rf.356b50eb43676369ecee335108c3709f.txt,0,0.5048611111111111,0.46041666666666664,0.3347222222222222,0.3736111111111111,0.1250559413580247
train,img-66_jpg.rf.356b50eb43676369ecee335108c3709f.txt,0,0.6361111111111111,0.35833333333333334,0.125,0.13055555555555556,0.016319444444444445
train,img-66_jpg.rf.356b50eb43676369ecee335108c3709f.txt,0,0.5604166666666667,0.06319444444444444,0.08472222222222223,0.05416666666666667,0.004589120370370371
train,img-66_jpg.rf.356b50eb43676369ecee335108c3709f.txt,0,0.12430555555555556,0.05555555555555555,0.0875,0.030555555555555555,0.002673611111111111
train,img-66_jpg.rf.356b50eb43676369ecee335108c3709f.txt,0,0.2375,0.11388888888888889,0.09722222222222222,0.1,0.009722222222222222
train,img-66_jpg.rf.356b50eb43676369ecee335108c3709f.txt,0,0.4201388888888889,0.23819444444444443,0.04583333333333333,0.034722222222222224,0.001591435185185185
train,img-6_jpg.rf.a961e413341cc4216cddc1c46e76d13f.txt,0,0.4979166666666667,0.3958333333333333,0.23194444444444445,0.19722222222222222,0.0457445987654321
train,img-6_jpg.rf.a961e413341cc4216cddc1c46e76d13f.txt,0,0.5305555555555556,0.6444444444444445,0.33055555555555555,0.3972222222222222,0.131304012345679
train,img-70_jpg.rf.c64a3fa4382e8482aa49dd4c38c7012b.txt,0,0.49236111111111114,0.41944444444444445,0.2791666666666667,0.14722222222222223,0.04109953703703704
train,img-70_jpg.rf.c64a3fa4382e8482aa49dd4c38c7012b.txt,0,0.69375,0.4409722222222222,0.12361111111111112,0.0875,0.010815972222222222
train,img-71_jpg.rf.cdf11db31e4a7deb2eb646717b72088f.txt,0,0.5020833333333333,0.5333333333333333,0.2013888888888889,0.16111111111111112,0.03244598765432099
train,img-71_jpg.rf.cdf11db31e4a7deb2eb646717b72088f.txt,0,0.9416666666666667,0.7840277777777778,0.11388888888888889,0.06805555555555555,0.0077507716049382705
train,img-73_jpg.rf.b63f566c3ddb5514f3fc2a1dd9ba40ec.txt,0,0.49166666666666664,0.5826388888888889,0.33055555555555555,0.2652777777777778,0.08768904320987654
train,img-73_jpg.rf.b63f566c3ddb5514f3fc2a1dd9ba40ec.txt,0,0.45208333333333334,0.15069444444444444,0.2152777777777778,0.0763888888888889,0.016444830246913584
train,img-74_jpg.rf.bbb7822c260ad0c8f9f4e361c534329c.txt,0,0.5027777777777778,0.4847222222222222,0.14444444444444443,0.07777777777777778,0.011234567901234567
train,img-75_jpg.rf.9a3c8716c1ae12e2c698c1ff62d8aa4c.txt,0,0.48680555555555555,0.47708333333333336,0.18472222222222223,0.1486111111111111,0.027451774691358025
train,img-76_jpg.rf.b2486fa34ebf8ebbee2850ff4c02be4a.txt,0,0.3951388888888889,0.39444444444444443,0.25416666666666665,0.20555555555555555,0.052245370370370366
train,img-76_jpg.rf.b2486fa34ebf8ebbee2850ff4c02be4a.txt,0,0.5402777777777777,0.5604166666666667,0.19722222222222222,0.2263888888888889,0.04464891975308642
train,img-78_jpg.rf.01130ebf73370c115ee9de4fc1f29be5.txt,0,0.5326388888888889,0.4951388888888889,0.2791666666666667,0.2375,0.06630208333333333
train,img-78_jpg.rf.01130ebf73370c115ee9de4fc1f29be5.txt,0,0.24027777777777778,0.2916666666666667,0.07777777777777778,0.1111111111111111,0.008641975308641974
train,img-80_jpg.rf.02752f42e0f4bc24481a8d9d938a7569.txt,0,0.46041666666666664,0.4479166666666667,0.3236111111111111,0.2708333333333333,0.08764467592592592
train,img-81_jpg.rf.3cde6b9acba84f64ef59722240cb6fd6.txt,0,0.5270833333333333,0.5479166666666667,0.4041666666666667,0.19027777777777777,0.07690393518518518
train,img-81_jpg.rf.3cde6b9acba84f64ef59722240cb6fd6.txt,0,0.42569444444444443,0.39305555555555555,0.19583333333333333,0.11388888888888889,0.02230324074074074
train,img-83_jpg.rf.1c7a57b033ede2a3e95532df258578d4.txt,0,0.5152777777777777,0.5104166666666666,0.26666666666666666,0.29305555555555557,0.07814814814814815
train,img-84_jpg.rf.220a0bb7cdb0d030acdaaeb8724ed36d.txt,0,0.3875,0.39791666666666664,0.19722222222222222,0.14583333333333334,0.028761574074074075
train,img-84_jpg.rf.220a0bb7cdb0d030acdaaeb8724ed36d.txt,0,0.4527777777777778,0.5416666666666666,0.16111111111111112,0.13055555555555556,0.021033950617283952
train,img-84_jpg.rf.220a0bb7cdb0d030acdaaeb8724ed36d.txt,0,0.2048611111111111,0.9145833333333333,0.20694444444444443,0.15694444444444444,0.032478780864197525
train,img-85_jpg.rf.3d157a70f444d84a006039b9114b726b.txt,0,0.425,0.4638888888888889,0.2111111111111111,0.12777777777777777,0.026975308641975306
train,img-85_jpg.rf.3d157a70f444d84a006039b9114b726b.txt,0,0.6590277777777778,0.44930555555555557,0.09583333333333334,0.09027777777777778,0.00865162037037037
train,img-86_jpg.rf.dbe8b3ed795b7a898d4fd37b08227003.txt,0,0.4326388888888889,0.46875,0.22916666666666666,0.15694444444444444,0.035966435185185185
train,img-86_jpg.rf.dbe8b3ed795b7a898d4fd37b08227003.txt,0,0.6034722222222222,0.5833333333333334,0.21805555555555556,0.11944444444444445,0.026045524691358027
train,img-87_jpg.rf.d1b29f2a180c61b7f586070108949c9e.txt,0,0.4673611111111111,0.5506944444444445,0.2847222222222222,0.3680555555555556,0.10479359567901235
train,img-88_jpg.rf.5f67c703ef1d55215e9362d5496fe1ec.txt,0,0.4527777777777778,0.5541666666666667,0.17777777777777778,0.2388888888888889,0.04246913580246914
train,img-90_jpg.rf.b470c7ecb31eaa9a524688e45287351f.txt,0,0.5125,0.5736111111111111,0.29444444444444445,0.21388888888888888,0.06297839506172839
train,img-95_jpg.rf.88e456640460ae2424d7881caa5d1f86.txt,0,0.5041666666666667,0.41458333333333336,0.2111111111111111,0.18472222222222223,0.038996913580246914
train,img-95_jpg.rf.88e456640460ae2424d7881caa5d1f86.txt,0,0.2548611111111111,0.36319444444444443,0.20694444444444443,0.22916666666666666,0.04742476851851851
train,img-96_jpg.rf.62cddedc415c7b5c50c459bce49adcc9.txt,0,0.4423611111111111,0.4951388888888889,0.1736111111111111,0.14305555555555555,0.024836033950617283
train,img-97_jpg.rf.4289b6d75214d9d3dcbf17f94867a0f0.txt,0,0.5,0.42291666666666666,0.32222222222222224,0.11805555555555555,0.03804012345679012
train,img-97_jpg.rf.4289b6d75214d9d3dcbf17f94867a0f0.txt,0,0.3458333333333333,0.24166666666666667,0.17222222222222222,0.025,0.0043055555555555555
train,img-97_jpg.rf.4289b6d75214d9d3dcbf17f94867a0f0.txt,0,0.26805555555555555,0.14722222222222223,0.11944444444444445,0.05555555555555555,0.006635802469135803
train,img-99_jpg.rf.e4e00fb5fb002d3813a2acb346473620.txt,0,0.4888888888888889,0.5145833333333333,0.3472222222222222,0.2847222222222222,0.09886188271604937
train,img-9_jpg.rf.de0e0920eee97f99bfa4d5a2ed29d82e.txt,0,0.5152777777777777,0.48819444444444443,0.3,0.1763888888888889,0.05291666666666667
train,img-9_jpg.rf.de0e0920eee97f99bfa4d5a2ed29d82e.txt,0,0.6138888888888889,0.08263888888888889,0.1527777777777778,0.06527777777777778,0.009972993827160496
validation,img-104_jpg.rf.687b8858a9a79e92ea4b11024eafee62.txt,0,0.4951388888888889,0.3451388888888889,0.3402777777777778,0.2375,0.08081597222222223
validation,img-104_jpg.rf.687b8858a9a79e92ea4b11024eafee62.txt,0,0.65625,0.6409722222222223,0.09027777777777778,0.08194444444444444,0.007397762345679012
validation,img-106_jpg.rf.4e4d5cc9b01160ccfb18c911b34f3f98.txt,0,0.4534722222222222,0.44513888888888886,0.5097222222222222,0.4263888888888889,0.21733989197530862
validation,img-106_jpg.rf.4e4d5cc9b01160ccfb18c911b34f3f98.txt,0,0.7604166666666666,0.30833333333333335,0.15694444444444444,0.22777777777777777,0.03574845679012346
validation,img-112_jpg.rf.f2165fc7173878a7c1ad397c7ed595d9.txt,0,0.47708333333333336,0.3263888888888889,0.46805555555555556,0.18055555555555555,0.08451003086419753
validation,img-116_jpg.rf.09abd4f4dd5161e4a14cdd87d23b2cab.txt,0,0.5715277777777777,0.46805555555555556,0.3263888888888889,0.20277777777777778,0.06618441358024692
validation,img-116_jpg.rf.09abd4f4dd5161e4a14cdd87d23b2cab.txt,0,0.18680555555555556,0.7284722222222222,0.12638888888888888,0.13194444444444445,0.016676311728395062
validation,img-118_jpg.rf.75b7bf6e55f6d7b25f190d74200033c8.txt,0,0.45625,0.5166666666666667,0.4847222222222222,0.6166666666666667,0.29891203703703706
validation,img-120_jpg.rf.bc6b90a7439c1ed48339336ca52eda8c.txt,0,0.5083333333333333,0.5444444444444444,0.3472222222222222,0.13055555555555556,0.04533179012345679
validation,img-122_jpg.rf.90260f1c979ae127d37bb26cf5d1b3cf.txt,0,0.5097222222222222,0.49722222222222223,0.3,0.19722222222222222,0.05916666666666666
validation,img-125_jpg.rf.31ca4f64f2a4205e38c28e30b21df509.txt,0,0.5222222222222223,0.4930555555555556,0.23333333333333334,0.15,0.034999999999999996
validation,img-125_jpg.rf.31ca4f64f2a4205e38c28e30b21df509.txt,0,0.3125,0.12361111111111112,0.12777777777777777,0.04722222222222222,0.00603395061728395
validation,img-125_jpg.rf.31ca4f64f2a4205e38c28e30b21df509.txt,0,0.32013888888888886,0.1798611111111111,0.13194444444444445,0.05416666666666667,0.007146990740740741
validation,img-130_jpg.rf.b82150559b44fc5ce3e062cad83338ca.txt,0,0.49930555555555556,0.4222222222222222,0.18194444444444444,0.09722222222222222,0.01768904320987654
validation,img-130_jpg.rf.b82150559b44fc5ce3e062cad83338ca.txt,0,0.5888888888888889,0.3506944444444444,0.06666666666666667,0.04861111111111111,0.0032407407407407406
validation,img-132_jpg.rf.b50598eb1f2ec30f7fa20ec420ef15a9.txt,0,0.47152777777777777,0.45416666666666666,0.6763888888888889,0.29444444444444445,0.19915895061728398
validation,img-132_jpg.rf.b50598eb1f2ec30f7fa20ec420ef15a9.txt,0,0.030555555555555555,0.29791666666666666,0.06111111111111111,0.05694444444444444,0.003479938271604938
validation,img-133_jpg.rf.db229e7b5cac39dc8193af4ed4e0832d.txt,0,0.5131944444444444,0.4395833333333333,0.18194444444444444,0.08472222222222223,0.015414737654320988
validation,img-140_jpg.rf.be70ab85a693043000968d9de23898df.txt,0,0.5604166666666667,0.5756944444444444,0.2791666666666667,0.20416666666666666,0.05699652777777778
validation,img-140_jpg.rf.be70ab85a693043000968d9de23898df.txt,0,0.4048611111111111,0.18055555555555555,0.3541666666666667,0.15833333333333333,0.05607638888888889
validation,img-145_jpg.rf.7cdce5ed92657f35fa1903635fa81c20.txt,0,0.5006944444444444,0.50625,0.20416666666666666,0.12638888888888888,0.025804398148148146
validation,img-147_jpg.rf.fddcc7b6bec7550eb93fc7f4969e832e.txt,0,0.5,0.4965277777777778,0.1361111111111111,0.16527777777777777,0.02249614197530864
validation,img-147_jpg.rf.fddcc7b6bec7550eb93fc7f4969e832e.txt,0,0.6180555555555556,0.34444444444444444,0.09166666666666666,0.08055555555555556,0.007384259259259259
validation,img-14_jpg.rf.25bbae75a3871870c424e5fbc8e29945.txt,0,0.5402777777777777,0.5333333333333333,0.6833333333333333,0.3861111111111111,0.26384259259259263
validation,img-14_jpg.rf.25bbae75a3871870c424e5fbc8e29945.txt,0,0.12152777777777778,0.3138888888888889,0.1486111111111111,0.08611111111111111,0.012797067901234568
validation,img-153_jpg.rf.ba410ca055afdae3cb292f1cdede8c08.txt,0,0.5,0.4736111111111111,0.17777777777777778,0.125,0.022222222222222223
validation,img-154_jpg.rf.fbdaac9fa48b69a15abd7475dad671da.txt,0,0.43819444444444444,0.6125,0.6180555555555556,0.5555555555555556,0.3433641975308642
validation,img-166_jpg.rf.050636db204eec127218fd258a822c29.txt,0,0.49722222222222223,0.4847222222222222,0.30277777777777776,0.2111111111111111,0.06391975308641974
validation,img-166_jpg.rf.050636db204eec127218fd258a822c29.txt,0,0.12569444444444444,0.45902777777777776,0.0763888888888889,0.07361111111111111,0.005623070987654322
validation,img-171_jpg.rf.b6db124be3dd5125e24e64d34ac89230.txt,0,0.5048611111111111,0.37222222222222223,0.3347222222222222,0.21666666666666667,0.07252314814814814
validation,img-173_jpg.rf.d296bacc1e037ffd2add63f59488c735.txt,0,0.49444444444444446,0.4222222222222222,0.3638888888888889,0.15,0.05458333333333333
validation,img-173_jpg.rf.d296bacc1e037ffd2add63f59488c735.txt,0,0.4986111111111111,0.5673611111111111,0.41388888888888886,0.12916666666666668,0.05346064814814815
validation,img-184_jpg.rf.3cf4a6d99f9effd3cb75302d2bfe406e.txt,0,0.050694444444444445,0.03888888888888889,0.04027777777777778,0.013888888888888888,0.0005594135802469136
validation,img-184_jpg.rf.3cf4a6d99f9effd3cb75302d2bfe406e.txt,0,0.024305555555555556,0.07777777777777778,0.04861111111111111,0.030555555555555555,0.0014853395061728396
validation,img-184_jpg.rf.3cf4a6d99f9effd3cb75302d2bfe406e.txt,0,0.1125,0.05694444444444444,0.075,0.03333333333333333,0.0025
validation,img-184_jpg.rf.3cf4a6d99f9effd3cb75302d2bfe406e.txt,0,0.13819444444444445,0.00625,0.04583333333333333,0.0125,0.0005729166666666667
validation,img-184_jpg.rf.3cf4a6d99f9effd3cb75302d2bfe406e.txt,0,0.09791666666666667,0.024305555555555556,0.0375,0.015277777777777777,0.0005729166666666667
validation,img-184_jpg.rf.3cf4a6d99f9effd3cb75302d2bfe406e.txt,0,0.07152777777777777,0.00625,0.04861111111111111,0.0125,0.0006076388888888889
validation,img-184_jpg.rf.3cf4a6d99f9effd3cb75302d2bfe406e.txt,0,0.029861111111111113,0.0020833333333333333,0.03194444444444444,0.004166666666666667,0.00013310185185185183
validation,img-184_jpg.rf.3cf4a6d99f9effd3cb75302d2bfe406e.txt,0,0.010416666666666666,0.009722222222222222,0.020833333333333332,0.013888888888888888,0.00028935185185185184
validation,img-184_jpg.rf.3cf4a6d99f9effd3cb75302d2bfe406e.txt,0,0.48055555555555557,0.3993055555555556,0.13055555555555556,0.09305555555555556,0.01214891975308642
validation,img-184_jpg.rf.3cf4a6d99f9effd3cb75302d2bfe406e.txt,0,0.7541666666666667,0.21319444444444444,0.03888888888888889,0.02638888888888889,0.0010262345679012345
validation,img-184_jpg.rf.3cf4a6d99f9effd3cb75302d2bfe406e.txt,0,0.5298611111111111,0.8166666666666667,0.05694444444444444,0.04722222222222222,0.002689043209876543
validation,img-190_jpg.rf.d2ae8264a842c03a2b1e58ebd5cabd74.txt,0,0.43819444444444444,0.48194444444444445,0.43194444444444446,0.2638888888888889,0.11398533950617284
validation,img-190_jpg.rf.d2ae8264a842c03a2b1e58ebd5cabd74.txt,0,0.7638888888888888,0.6409722222222223,0.21944444444444444,0.12083333333333333,0.026516203703703705
validation,img-200_jpg.rf.86169a83685199df71ea2bb82d844aa4.txt,0,0.3388888888888889,0.5270833333333333,0.11944444444444445,0.0625,0.007465277777777778
validation,img-200_jpg.rf.86169a83685199df71ea2bb82d844aa4.txt,0,0.4701388888888889,0.49236111111111114,0.18472222222222223,0.10138888888888889,0.018728780864197533
validation,img-200_jpg.rf.86169a83685199df71ea2bb82d844aa4.txt,0,0.6229166666666667,0.45208333333333334,0.14305555555555555,0.09305555555555556,0.013312114197530863
validation,img-200_jpg.rf.86169a83685199df71ea2bb82d844aa4.txt,0,0.9604166666666667,0.2722222222222222,0.0763888888888889,0.08888888888888889,0.006790123456790124
validation,img-201_jpg.rf.5015efb01ff6fee25489ad442533a6b2.txt,0,0.5583333333333333,0.5125,0.5138888888888888,0.40555555555555556,0.20841049382716048
validation,img-204_jpg.rf.9f0bd6fce321437c0ae1b972d37e491a.txt,0,0.37916666666666665,0.3388888888888889,0.23333333333333334,0.19444444444444445,0.04537037037037037
validation,img-204_jpg.rf.9f0bd6fce321437c0ae1b972d37e491a.txt,0,0.5041666666666667,0.6236111111111111,0.23055555555555557,0.19166666666666668,0.04418981481481482
validation,img-206_jpg.rf.989ffb693d448d8d80a62eb38b6f7106.txt,0,0.48680555555555555,0.5229166666666667,0.3763888888888889,0.24027777777777778,0.09043788580246914
validation,img-206_jpg.rf.989ffb693d448d8d80a62eb38b6f7106.txt,0,0.21597222222222223,0.9555555555555556,0.22361111111111112,0.08611111111111111,0.0192554012345679
validation,img-20_jpg.rf.fe0915e38abca9ba6523c4a4fd8dc779.txt,0,0.39861111111111114,0.38819444444444445,0.15833333333333333,0.09027777777777778,0.01429398148148148
validation,img-20_jpg.rf.fe0915e38abca9ba6523c4a4fd8dc779.txt,0,0.25972222222222224,0.2833333333333333,0.08611111111111111,0.06111111111111111,0.005262345679012345
validation,img-20_jpg.rf.fe0915e38abca9ba6523c4a4fd8dc779.txt,0,0.4951388888888889,0.5048611111111111,0.22916666666666666,0.16805555555555557,0.03851273148148148
validation,img-210_jpg.rf.6c7b0d13bdaf43eebd361179f11a3074.txt,0,0.4930555555555556,0.4,0.45,0.46111111111111114,0.20750000000000002
validation,img-210_jpg.rf.6c7b0d13bdaf43eebd361179f11a3074.txt,0,0.11319444444444444,0.9381944444444444,0.16805555555555557,0.12083333333333333,0.020306712962962964
validation,img-219_jpg.rf.43b460b042a123d5fbe0da630653b577.txt,0,0.475,0.44583333333333336,0.41944444444444445,0.19166666666666668,0.08039351851851853
validation,img-225_jpg.rf.571b61e05b958728376648a735ceaf57.txt,0,0.14444444444444443,0.18611111111111112,0.05277777777777778,0.027777777777777776,0.0014660493827160493
validation,img-225_jpg.rf.571b61e05b958728376648a735ceaf57.txt,0,0.45555555555555555,0.39305555555555555,0.14166666666666666,0.10555555555555556,0.014953703703703703
validation,img-225_jpg.rf.571b61e05b958728376648a735ceaf57.txt,0,0.5840277777777778,0.044444444444444446,0.0875,0.041666666666666664,0.003645833333333333
validation,img-225_jpg.rf.571b61e05b958728376648a735ceaf57.txt,0,0.5013888888888889,0.0125,0.041666666666666664,0.025,0.0010416666666666667
validation,img-22_jpg.rf.3bbe99353a39e5a103b4b081e006fcdd.txt,0,0.4701388888888889,0.6583333333333333,0.22916666666666666,0.3527777777777778,0.08084490740740741
validation,img-239_jpg.rf.5c3973ade6d0c6d9cf264b60b2d6061d.txt,0,0.4756944444444444,0.46805555555555556,0.30972222222222223,0.18333333333333332,0.056782407407407406
validation,img-243_jpg.rf.7157d31a68925d226ba29d6b1b9b1d75.txt,0,0.4875,0.5180555555555556,0.3055555555555556,0.09722222222222222,0.029706790123456794
validation,img-244_jpg.rf.c05e5207f5b9294716e8ff5f10ba6a38.txt,0,0.48819444444444443,0.5534722222222223,0.3125,0.2569444444444444,0.08029513888888888
validation,img-244_jpg.rf.c05e5207f5b9294716e8ff5f10ba6a38.txt,0,0.9,0.5520833333333334,0.19722222222222222,0.15694444444444444,0.03095293209876543
validation,img-24_jpg.rf.42018f151db0049eda0c504eabced76b.txt,0,0.4861111111111111,0.5083333333333333,0.18611111111111112,0.15,0.027916666666666666
validation,img-24_jpg.rf.42018f151db0049eda0c504eabced76b.txt,0,0.5520833333333334,0.14166666666666666,0.14027777777777778,0.08333333333333333,0.011689814814814814
validation,img-254_jpg.rf.91854d4eadf02cc3bee6f1b23aeea57a.txt,0,0.47847222222222224,0.4736111111111111,0.3458333333333333,0.2,0.06916666666666667
validation,img-25_jpg.rf.06ba36f4b3e07cd7684b84722d00770a.txt,0,0.5625,0.5111111111111111,0.5305555555555556,0.3111111111111111,0.16506172839506172
validation,img-271_jpg.rf.33fdc7d3a0d601e35462a9580b422bfe.txt,0,0.4840277777777778,0.4444444444444444,0.5041666666666667,0.22777777777777777,0.11483796296296296
validation,img-27_jpg.rf.2e01f53922bf03d0715ddcf0ac3905ca.txt,0,0.48680555555555555,0.5076388888888889,0.12916666666666668,0.11527777777777778,0.014890046296296299
validation,img-286_jpg.rf.b2d4b7a7abe91096baf42363567af589.txt,0,0.46875,0.6033333333333334,0.2275,0.15333333333333332,0.03488333333333333
validation,img-286_jpg.rf.b2d4b7a7abe91096baf42363567af589.txt,0,0.55125,0.7333333333333333,0.1375,0.07333333333333333,0.010083333333333335
validation,img-286_jpg.rf.b2d4b7a7abe91096baf42363567af589.txt,0,0.5025,0.2783333333333333,0.05,0.05,0.0025000000000000005
validation,img-28_jpg.rf.e2b0d01b73bfb3629afdab7dfa06198a.txt,0,0.5118055555555555,0.45208333333333334,0.2263888888888889,0.18472222222222223,0.04181905864197531
validation,img-28_jpg.rf.e2b0d01b73bfb3629afdab7dfa06198a.txt,0,0.7451388888888889,0.2722222222222222,0.09305555555555556,0.08888888888888889,0.008271604938271605
validation,img-28_jpg.rf.e2b0d01b73bfb3629afdab7dfa06198a.txt,0,0.8743055555555556,0.1840277777777778,0.09861111111111111,0.0625,0.006163194444444444
validation,img-28_jpg.rf.e2b0d01b73bfb3629afdab7dfa06198a.txt,0,0.9402777777777778,0.5868055555555556,0.10277777777777777,0.10694444444444444,0.010991512345679012
validation,img-29_jpg.rf.755ed0156a7a863f9f304f3bc1e192ad.txt,0,0.525,0.4534722222222222,0.21388888888888888,0.1597222222222222,0.0341628086419753
validation,img-29_jpg.rf.755ed0156a7a863f9f304f3bc1e192ad.txt,0,0.6395833333333333,0.5569444444444445,0.09861111111111111,0.07777777777777778,0.007669753086419753
validation,img-303_jpg.rf.4028fa8598017851778a5944165a953f.txt,0,0.7510964912280702,0.4533333333333333,0.4276315789473684,0.14666666666666667,0.06271929824561404
validation,img-303_jpg.rf.4028fa8598017851778a5944165a953f.txt,0,0.43201754385964913,0.4166666666666667,0.17105263157894737,0.19333333333333333,0.03307017543859649
validation,img-311_jpg.rf.8454a25910a149341a92ab116f831936.txt,0,0.6022222222222222,0.6533333333333333,0.7466666666666667,0.6866666666666666,0.5127111111111111
validation,img-312_jpg.rf.0a6234042edc7a46cfb556423895c286.txt,0,0.4718574108818011,0.6033333333333334,0.9174484052532833,0.4266666666666667,0.39144465290806757
validation,img-323_jpg.rf.33071b727a5a0048408cc83a2bf550a8.txt,0,0.5246478873239436,0.5533333333333333,0.2887323943661972,0.12,0.03464788732394366
validation,img-323_jpg.rf.33071b727a5a0048408cc83a2bf550a8.txt,0,0.5446009389671361,0.8116666666666666,0.8967136150234741,0.31666666666666665,0.28395931142410014
validation,img-323_jpg.rf.33071b727a5a0048408cc83a2bf550a8.txt,0,0.08215962441314555,0.6416666666666667,0.1643192488262911,0.11666666666666667,0.019170579029733962
validation,img-323_jpg.rf.33071b727a5a0048408cc83a2bf550a8.txt,0,0.8028169014084507,0.47833333333333333,0.14084507042253522,0.03666666666666667,0.005164319248826292
validation,img-323_jpg.rf.33071b727a5a0048408cc83a2bf550a8.txt,0,0.7546948356807511,0.3983333333333333,0.19014084507042253,0.03,0.005704225352112676
validation,img-32_jpg.rf.3889f9f6223819080bb08c1149fb64d1.txt,0,0.25069444444444444,0.26319444444444445,0.1986111111111111,0.12083333333333333,0.023998842592592592
validation,img-32_jpg.rf.3889f9f6223819080bb08c1149fb64d1.txt,0,0.5256944444444445,0.5395833333333333,0.3486111111111111,0.30972222222222223,0.10797260802469136
validation,img-335_jpg.rf.2784b7f52fc84c400b8ede76eef98215.txt,0,0.80625,0.375,0.2675,0.18333333333333332,0.049041666666666664
validation,img-335_jpg.rf.2784b7f52fc84c400b8ede76eef98215.txt,0,0.63,0.15666666666666668,0.165,0.1,0.0165
validation,img-335_jpg.rf.2784b7f52fc84c400b8ede76eef98215.txt,0,0.77875,0.12833333333333333,0.1025,0.05,0.005125
validation,img-335_jpg.rf.2784b7f52fc84c400b8ede76eef98215.txt,0,0.165,0.36833333333333335,0.33,0.19,0.0627
validation,img-335_jpg.rf.2784b7f52fc84c400b8ede76eef98215.txt,0,0.9175,0.16333333333333333,0.14,0.10666666666666667,0.014933333333333335
validation,img-338_jpg.rf.74bf9432194dc28aad8176e7be66ca6f.txt,0,0.5375,0.5483333333333333,0.77,0.61,0.4697
validation,img-33_jpg.rf.7132ce71f05e8f5ea94737f069801a58.txt,0,0.47638888888888886,0.4263888888888889,0.24722222222222223,0.1388888888888889,0.03433641975308642
validation,img-33_jpg.rf.7132ce71f05e8f5ea94737f069801a58.txt,0,0.8055555555555556,0.5319444444444444,0.15833333333333333,0.125,0.019791666666666666
validation,img-347_jpg.rf.d75495d14817b150281a950981256e4e.txt,0,0.49375,0.4266666666666667,0.4225,0.32666666666666666,0.13801666666666665
validation,img-34_jpg.rf.d9e0079bff5b554f1d9625689dd43075.txt,0,0.49166666666666664,0.5638888888888889,0.7111111111111111,0.4527777777777778,0.3219753086419753
validation,img-353_jpg.rf.07d81ddfa3209fec50df7f1f595468d8.txt,0,0.54,0.5766666666666667,0.09,0.07333333333333333,0.0066
validation,img-353_jpg.rf.07d81ddfa3209fec50df7f1f595468d8.txt,0,0.50125,0.5,0.1375,0.07333333333333333,0.010083333333333335
validation,img-353_jpg.rf.07d81ddfa3209fec50df7f1f595468d8.txt,0,0.485,0.4266666666666667,0.135,0.07333333333333333,0.0099
validation,img-35_jpg.rf.68244fd62825f1f4d383ba257c1186b2.txt,0,0.48194444444444445,0.4354166666666667,0.20833333333333334,0.10972222222222222,0.022858796296296297
validation,img-363_jpg.rf.c15cba9de3e14fd6aa8724bcf942b27d.txt,0,0.4866666666666667,0.52375,0.5466666666666666,0.4425,0.24189999999999998
validation,img-368_jpg.rf.c0382efd9dad7c161542519561713a44.txt,0,0.2354596622889306,0.7016666666666667,0.07692307692307693,0.09,0.006923076923076923
validation,img-368_jpg.rf.c0382efd9dad7c161542519561713a44.txt,0,0.38649155722326456,0.615,0.18386491557223264,0.17,0.03125703564727955
validation,img-368_jpg.rf.c0382efd9dad7c161542519561713a44.txt,0,0.49624765478424016,0.9,0.17823639774859287,0.15333333333333332,0.027329580988117573
validation,img-368_jpg.rf.c0382efd9dad7c161542519561713a44.txt,0,0.6013133208255159,0.5833333333333334,0.043151969981238276,0.04,0.0017260787992495312
validation,img-368_jpg.rf.c0382efd9dad7c161542519561713a44.txt,0,0.5431519699812383,0.25666666666666665,0.07692307692307693,0.02666666666666667,0.0020512820512820517
validation,img-369_jpg.rf.14cb906802b8d8bda62d228f6d85cced.txt,0,0.44090056285178236,0.58,0.8818011257035647,0.8333333333333334,0.7348342714196373
validation,img-373_jpg.rf.e9b2fc295556d6755edf71ca30fa2f42.txt,0,0.5,0.6566666666666666,0.5422222222222223,0.43333333333333335,0.23496296296296298
validation,img-378_jpg.rf.7522f7e3aa83affc214e9e0a459cb446.txt,0,0.71625,0.6983333333333334,0.3925,0.35,0.137375
validation,img-37_jpg.rf.ce30d36ad9a13aa3599aeb57fcf6718a.txt,0,0.39861111111111114,0.5180555555555556,0.3,0.14166666666666666,0.042499999999999996
validation,img-37_jpg.rf.ce30d36ad9a13aa3599aeb57fcf6718a.txt,0,0.575,0.41805555555555557,0.3055555555555556,0.08055555555555556,0.0246141975308642
validation,img-37_jpg.rf.ce30d36ad9a13aa3599aeb57fcf6718a.txt,0,0.80625,0.42777777777777776,0.12361111111111112,0.06666666666666667,0.008240740740740741
validation,img-382_jpg.rf.f150d3d57a37b68447bb670ba15cbd8f.txt,0,0.19290465631929046,0.765,0.37250554323725055,0.09666666666666666,0.03600886917960089
validation,img-382_jpg.rf.f150d3d57a37b68447bb670ba15cbd8f.txt,0,0.31042128603104213,0.6716666666666666,0.2572062084257206,0.07,0.018004434589800444
validation,img-382_jpg.rf.f150d3d57a37b68447bb670ba15cbd8f.txt,0,0.5853658536585366,0.57,0.1419068736141907,0.02666666666666667,0.0037841832963784188
validation,img-386_jpg.rf.507aab7f7a725bbf8b21d6f55890b1cc.txt,0,0.6082995951417004,0.5666666666666667,0.742914979757085,0.7,0.5200404858299594
validation,img-387_jpg.rf.fb14c6f21a50ad4a36957792a4c96792.txt,0,0.5623441396508728,0.5733333333333334,0.486284289276808,0.24,0.11670822942643391
validation,img-387_jpg.rf.fb14c6f21a50ad4a36957792a4c96792.txt,0,0.9201995012468828,0.6483333333333333,0.1546134663341646,0.08333333333333333,0.012884455527847049
validation,img-399_jpg.rf.b905fce357b9f6bb39873b5f7559f4a0.txt,0,0.7930648769574944,0.48,0.06040268456375839,0.05333333333333334,0.0032214765100671144
validation,img-399_jpg.rf.b905fce357b9f6bb39873b5f7559f4a0.txt,0,0.6196868008948546,0.35333333333333333,0.2505592841163311,0.07333333333333333,0.018374347501864282
validation,img-399_jpg.rf.b905fce357b9f6bb39873b5f7559f4a0.txt,0,0.12304250559284116,0.6283333333333333,0.2371364653243848,0.29,0.06876957494407158
validation,img-399_jpg.rf.b905fce357b9f6bb39873b5f7559f4a0.txt,0,0.050335570469798654,0.8916666666666667,0.10067114093959731,0.21,0.021140939597315434
validation,img-399_jpg.rf.b905fce357b9f6bb39873b5f7559f4a0.txt,0,0.5592841163310962,0.8433333333333334,0.3713646532438479,0.26666666666666666,0.09903057419835944
validation,img-399_jpg.rf.b905fce357b9f6bb39873b5f7559f4a0.txt,0,0.7572706935123042,0.69,0.07829977628635347,0.07333333333333333,0.0057419835943325875
validation,img-399_jpg.rf.b905fce357b9f6bb39873b5f7559f4a0.txt,0,0.5234899328859061,0.5366666666666666,0.1297539149888143,0.08,0.010380313199105144
validation,img-399_jpg.rf.b905fce357b9f6bb39873b5f7559f4a0.txt,0,0.3859060402684564,0.6233333333333333,0.06040268456375839,0.04,0.002416107382550336
validation,img-399_jpg.rf.b905fce357b9f6bb39873b5f7559f4a0.txt,0,0.3366890380313199,0.415,0.06040268456375839,0.043333333333333335,0.0026174496644295305
validation,img-399_jpg.rf.b905fce357b9f6bb39873b5f7559f4a0.txt,0,0.7024608501118568,0.44666666666666666,0.11185682326621924,0.06666666666666667,0.007457121551081282
validation,img-399_jpg.rf.b905fce357b9f6bb39873b5f7559f4a0.txt,0,0.7192393736017897,0.5233333333333333,0.04697986577181208,0.03333333333333333,0.0015659955257270694
validation,img-399_jpg.rf.b905fce357b9f6bb39873b5f7559f4a0.txt,0,0.8355704697986577,0.6116666666666667,0.05592841163310962,0.056666666666666664,0.003169276659209545
validation,img-399_jpg.rf.b905fce357b9f6bb39873b5f7559f4a0.txt,0,0.7975391498881432,0.7766666666666666,0.06040268456375839,0.06,0.0036241610738255033
validation,img-399_jpg.rf.b905fce357b9f6bb39873b5f7559f4a0.txt,0,0.3825503355704698,0.31833333333333336,0.17002237136465326,0.043333333333333335,0.0073676360924683085
validation,img-400_jpg.rf.17fb956f0b6a7a41d821e45a832c6a71.txt,0,0.575984990619137,0.6366666666666667,0.5403377110694184,0.68,0.36742964352720453
validation,img-402_jpg.rf.30440e31580690259343a9059a09695e.txt,0,0.5746102449888641,0.265,0.2583518930957684,0.44333333333333336,0.114536005939124
validation,img-411_jpg.rf.2ab24c809788d2adfb2a3425aee22112.txt,0,0.5633484162895928,0.8083333333333333,0.22171945701357465,0.18333333333333332,0.04064856711915535
validation,img-411_jpg.rf.2ab24c809788d2adfb2a3425aee22112.txt,0,0.5610859728506787,0.5,0.18099547511312217,0.09333333333333334,0.01689291101055807
validation,img-411_jpg.rf.2ab24c809788d2adfb2a3425aee22112.txt,0,0.6402714932126696,0.40166666666666667,0.14479638009049775,0.06333333333333334,0.009170437405731525
validation,img-411_jpg.rf.2ab24c809788d2adfb2a3425aee22112.txt,0,0.6504524886877828,0.33,0.10180995475113122,0.04,0.004072398190045249
validation,img-411_jpg.rf.2ab24c809788d2adfb2a3425aee22112.txt,0,0.5407239819004525,0.37166666666666665,0.12669683257918551,0.056666666666666664,0.007179487179487179
validation,img-411_jpg.rf.2ab24c809788d2adfb2a3425aee22112.txt,0,0.39592760180995473,0.425,0.09954751131221719,0.043333333333333335,0.004313725490196078
validation,img-411_jpg.rf.2ab24c809788d2adfb2a3425aee22112.txt,0,0.3936651583710407,0.385,0.08144796380090498,0.03666666666666667,0.002986425339366516
validation,img-411_jpg.rf.2ab24c809788d2adfb2a3425aee22112.txt,0,0.4671945701357466,0.33166666666666667,0.05203619909502263,0.023333333333333334,0.0012141779788838614
validation,img-411_jpg.rf.2ab24c809788d2adfb2a3425aee22112.txt,0,0.5871040723981901,0.3,0.0746606334841629,0.02666666666666667,0.001990950226244344
validation,img-411_jpg.rf.2ab24c809788d2adfb2a3425aee22112.txt,0,0.5531674208144797,0.27666666666666667,0.07918552036199095,0.02666666666666667,0.0021116138763197585
validation,img-411_jpg.rf.2ab24c809788d2adfb2a3425aee22112.txt,0,0.10633484162895927,0.755,0.09954751131221719,0.09,0.008959276018099547
validation,img-411_jpg.rf.2ab24c809788d2adfb2a3425aee22112.txt,0,0.6063348416289592,0.23833333333333334,0.05429864253393665,0.023333333333333334,0.0012669683257918553
validation,img-411_jpg.rf.2ab24c809788d2adfb2a3425aee22112.txt,0,0.35180995475113125,0.3466666666666667,0.07918552036199095,0.03333333333333333,0.002639517345399698
validation,img-417_jpg.rf.2da468a97eb637dd8570d27094aa457b.txt,0,0.525,0.5733333333333334,0.7,0.52,0.364
validation,img-41_jpg.rf.576ba21bc1fe67687dec58b7396ee09a.txt,0,0.5048611111111111,0.4375,0.5486111111111112,0.23055555555555557,0.12648533950617286
validation,img-41_jpg.rf.576ba21bc1fe67687dec58b7396ee09a.txt,0,0.85,0.21944444444444444,0.2972222222222222,0.11388888888888889,0.03385030864197531
validation,img-421_jpg.rf.9d0d1ef08ccf6432a5f506fb2ee6290c.txt,0,0.33771106941838647,0.7266666666666667,0.23639774859287055,0.12,0.028367729831144464
validation,img-421_jpg.rf.9d0d1ef08ccf6432a5f506fb2ee6290c.txt,0,0.5703564727954972,0.7416666666666667,0.13883677298311445,0.14333333333333334,0.01989993746091307
validation,img-421_jpg.rf.9d0d1ef08ccf6432a5f506fb2ee6290c.txt,0,0.7692307692307693,0.7783333333333333,0.10881801125703565,0.12333333333333334,0.013420888055034398
validation,img-421_jpg.rf.9d0d1ef08ccf6432a5f506fb2ee6290c.txt,0,0.6106941838649156,0.2916666666666667,0.03189493433395872,0.03666666666666667,0.0011694809255784866
validation,img-423_jpg.rf.582474f0d68735adbfd7a496b4fbf159.txt,0,0.45936794582392776,0.6366666666666667,0.3905191873589165,0.26666666666666666,0.10413844996237773
validation,img-432_jpg.rf.27188558d4a1d7b5c2075d64faf49977.txt,0,0.47614107883817425,0.435,0.5456431535269709,0.5166666666666667,0.2819156293222683
validation,img-438_jpg.rf.612382cb04813e29ee45d028fcbc6bd9.txt,0,0.79125,0.2966666666666667,0.3025,0.24,0.0726
validation,img-443_jpg.rf.7922db00bc35543191b2b6f3a5e307b1.txt,0,0.16604127579737335,0.67,0.20075046904315197,0.1,0.0200750469043152
validation,img-443_jpg.rf.7922db00bc35543191b2b6f3a5e307b1.txt,0,0.2551594746716698,0.5783333333333334,0.06378986866791744,0.023333333333333334,0.0014884302689180738
validation,img-443_jpg.rf.7922db00bc35543191b2b6f3a5e307b1.txt,0,0.3705440900562852,0.5633333333333334,0.1294559099437148,0.03333333333333333,0.004315196998123827
validation,img-443_jpg.rf.7922db00bc35543191b2b6f3a5e307b1.txt,0,0.8527204502814258,0.665,0.29080675422138835,0.13,0.03780487804878049
validation,img-443_jpg.rf.7922db00bc35543191b2b6f3a5e307b1.txt,0,0.23639774859287055,0.865,0.31144465290806755,0.22333333333333333,0.06955597248280175
validation,img-454_jpg.rf.1bcae01cf1ebbca69046e65d35c69408.txt,0,0.4763779527559055,0.4266666666666667,0.08661417322834646,0.02666666666666667,0.002309711286089239
validation,img-454_jpg.rf.1bcae01cf1ebbca69046e65d35c69408.txt,0,0.5577427821522309,0.6616666666666666,0.3648293963254593,0.11,0.04013123359580052
validation,img-454_jpg.rf.1bcae01cf1ebbca69046e65d35c69408.txt,0,0.2690288713910761,0.87,0.44881889763779526,0.25333333333333335,0.11370078740157481
validation,img-454_jpg.rf.1bcae01cf1ebbca69046e65d35c69408.txt,0,0.5918635170603674,0.4483333333333333,0.16535433070866143,0.05,0.008267716535433072
validation,img-457_jpg.rf.ec4d7fc537d7170691c3c677bddc1ff4.txt,0,0.445,0.42833333333333334,0.07,0.03666666666666667,0.0025666666666666667
validation,img-457_jpg.rf.ec4d7fc537d7170691c3c677bddc1ff4.txt,0,0.1925,0.36,0.06,0.02666666666666667,0.0016
validation,img-457_jpg.rf.ec4d7fc537d7170691c3c677bddc1ff4.txt,0,0.7225,0.6116666666666667,0.385,0.15,0.057749999999999996
validation,img-468_jpg.rf.2b4c6e14c8c1bb5f760bb238892e3929.txt,0,0.57356608478803,0.45,0.34413965087281795,0.10666666666666667,0.03670822942643392
validation,img-469_jpg.rf.a0f424db1106cf40f7cbbf56698ab5ba.txt,0,0.5833333333333334,0.8183333333333334,0.30444444444444446,0.3566666666666667,0.1085851851851852
validation,img-469_jpg.rf.a0f424db1106cf40f7cbbf56698ab5ba.txt,0,0.6933333333333334,0.5533333333333333,0.2,0.11333333333333333,0.02266666666666667
validation,img-469_jpg.rf.a0f424db1106cf40f7cbbf56698ab5ba.txt,0,0.8766666666666667,0.5133333333333333,0.08222222222222222,0.07333333333333333,0.00602962962962963
validation,img-46_jpg.rf.b479d9e82ab3f93117826289011004a9.txt,0,0.44930555555555557,0.56875,0.30416666666666664,0.17083333333333334,0.05196180555555555
validation,img-474_jpg.rf.087e72d05f12bbc01d250db1e2e8343b.txt,0,0.4027431421446384,0.7166666666666667,0.30174563591022446,0.18,0.0543142144638404
validation,img-474_jpg.rf.087e72d05f12bbc01d250db1e2e8343b.txt,0,0.6396508728179551,0.6116666666666667,0.1770573566084788,0.11,0.019476309226932668
validation,img-474_jpg.rf.087e72d05f12bbc01d250db1e2e8343b.txt,0,0.743142144638404,0.5116666666666667,0.16458852867830423,0.10333333333333333,0.017007481296758102
validation,img-485_jpg.rf.7b6a34e38d89caf1f8d97f24298e67b2.txt,0,0.6320224719101124,0.785,0.7247191011235955,0.42333333333333334,0.30679775280898874
validation,img-490_jpg.rf.32377cf7b8ee68f6b7faf955aa30ab7b.txt,0,0.5694183864915572,0.4666666666666667,0.23076923076923078,0.12,0.027692307692307693
validation,img-490_jpg.rf.32377cf7b8ee68f6b7faf955aa30ab7b.txt,0,0.2129455909943715,0.4266666666666667,0.2945590994371482,0.06666666666666667,0.01963727329580988
validation,img-490_jpg.rf.32377cf7b8ee68f6b7faf955aa30ab7b.txt,0,0.09287054409005628,0.54,0.18574108818011256,0.09333333333333334,0.017335834896810506
validation,img-490_jpg.rf.32377cf7b8ee68f6b7faf955aa30ab7b.txt,0,0.43808630393996245,0.7883333333333333,0.8761726078799249,0.4166666666666667,0.36507191994996874
validation,img-491_jpg.rf.b6979774778537b494872c0a743070d6.txt,0,0.5114583333333333,0.8866666666666667,0.42291666666666666,0.20666666666666667,0.08740277777777777
validation,img-491_jpg.rf.b6979774778537b494872c0a743070d6.txt,0,0.80625,0.7183333333333334,0.3125,0.23666666666666666,0.07395833333333333
validation,img-492_jpg.rf.9e7685d521951604f29fe48175c0040e.txt,0,0.5166666666666667,0.2575,0.35333333333333333,0.095,0.03356666666666667
validation,img-492_jpg.rf.9e7685d521951604f29fe48175c0040e.txt,0,0.30833333333333335,0.16875,0.13666666666666666,0.0425,0.005808333333333334
validation,img-492_jpg.rf.9e7685d521951604f29fe48175c0040e.txt,0,0.47,0.13,0.22666666666666666,0.04,0.009066666666666666
validation,img-492_jpg.rf.9e7685d521951604f29fe48175c0040e.txt,0,0.6616666666666666,0.1575,0.13,0.055,0.00715
validation,img-492_jpg.rf.9e7685d521951604f29fe48175c0040e.txt,0,0.4683333333333333,0.765,0.9166666666666666,0.465,0.42625
validation,img-493_jpg.rf.bb58a09287078393b132cd2b68fe6f29.txt,0,0.3433333333333333,0.46,0.08666666666666667,0.04,0.003466666666666667
validation,img-493_jpg.rf.bb58a09287078393b132cd2b68fe6f29.txt,0,0.3333333333333333,0.41875,0.06,0.0275,0.00165
validation,img-493_jpg.rf.bb58a09287078393b132cd2b68fe6f29.txt,0,0.32,0.62125,0.06666666666666667,0.0325,0.0021666666666666666
validation,img-493_jpg.rf.bb58a09287078393b132cd2b68fe6f29.txt,0,0.2833333333333333,0.72125,0.09333333333333334,0.0425,0.003966666666666667
validation,img-493_jpg.rf.bb58a09287078393b132cd2b68fe6f29.txt,0,0.43666666666666665,0.79875,0.21333333333333335,0.1375,0.029333333333333336
validation,img-493_jpg.rf.bb58a09287078393b132cd2b68fe6f29.txt,0,0.8666666666666667,0.66,0.05333333333333334,0.05,0.002666666666666667
validation,img-493_jpg.rf.bb58a09287078393b132cd2b68fe6f29.txt,0,0.645,0.69125,0.056666666666666664,0.0525,0.0029749999999999998
validation,img-493_jpg.rf.bb58a09287078393b132cd2b68fe6f29.txt,0,0.5283333333333333,0.41875,0.05,0.0225,0.001125
validation,img-493_jpg.rf.bb58a09287078393b132cd2b68fe6f29.txt,0,0.7666666666666667,0.38375,0.14666666666666667,0.0375,0.0055
validation,img-493_jpg.rf.bb58a09287078393b132cd2b68fe6f29.txt,0,0.9116666666666666,0.435,0.043333333333333335,0.025,0.0010833333333333335
validation,img-493_jpg.rf.bb58a09287078393b132cd2b68fe6f29.txt,0,0.8616666666666667,0.46125,0.043333333333333335,0.0225,0.000975
validation,img-493_jpg.rf.bb58a09287078393b132cd2b68fe6f29.txt,0,0.9583333333333334,0.54,0.07666666666666666,0.025,0.0019166666666666666
validation,img-493_jpg.rf.bb58a09287078393b132cd2b68fe6f29.txt,0,0.9433333333333334,0.51125,0.06,0.0175,0.0010500000000000002
validation,img-493_jpg.rf.bb58a09287078393b132cd2b68fe6f29.txt,0,0.675,0.57625,0.06333333333333334,0.0275,0.0017416666666666668
validation,img-493_jpg.rf.bb58a09287078393b132cd2b68fe6f29.txt,0,0.73,0.62,0.04,0.025,0.001
validation,img-493_jpg.rf.bb58a09287078393b132cd2b68fe6f29.txt,0,0.6116666666666667,0.93875,0.11666666666666667,0.1175,0.013708333333333333
validation,img-495_jpg.rf.3f61bcb802633686f9ce58fe78841711.txt,0,0.6231617647058824,0.595,0.75,0.8033333333333333,0.6025
validation,img-497_jpg.rf.2c64d54e6604c392b9fc468079a62835.txt,0,0.5033333333333333,0.5483333333333333,0.5444444444444444,0.6966666666666667,0.37929629629629624
validation,img-499_jpg.rf.8cbc7c8dba292bbadcc34ce63112514c.txt,0,0.48125,0.49166666666666664,0.5925,0.37666666666666665,0.223175
validation,img-50_jpg.rf.d6c31e4e1a8a7cf2821589d31caca674.txt,0,0.4638888888888889,0.4263888888888889,0.1638888888888889,0.1,0.01638888888888889
validation,img-511_jpg.rf.94ceff8a653e0f0a77c23165b0c593f9.txt,0,0.565410199556541,0.41,0.549889135254989,0.4666666666666667,0.2566149297856615
validation,img-516_jpg.rf.d9bff40a3244096755225e1efa7dfeba.txt,0,0.6534216335540839,0.7716666666666666,0.23399558498896247,0.42333333333333334,0.09905813097866079
validation,img-516_jpg.rf.d9bff40a3244096755225e1efa7dfeba.txt,0,0.48013245033112584,0.935,0.12141280353200883,0.11666666666666667,0.014164827078734362
validation,img-516_jpg.rf.d9bff40a3244096755225e1efa7dfeba.txt,0,0.18211920529801323,0.10833333333333334,0.2891832229580574,0.17,0.04916114790286976
validation,img-516_jpg.rf.d9bff40a3244096755225e1efa7dfeba.txt,0,0.9426048565121413,0.11666666666666667,0.11037527593818984,0.08666666666666667,0.009565857247976452
validation,img-522_jpg.rf.19bb1d8b2dbde293dc2db61b5beb29db.txt,0,0.2611111111111111,0.6783333333333333,0.35333333333333333,0.17,0.06006666666666667
validation,img-522_jpg.rf.19bb1d8b2dbde293dc2db61b5beb29db.txt,0,0.5422222222222223,0.7383333333333333,0.06222222222222222,0.03666666666666667,0.0022814814814814816
validation,img-522_jpg.rf.19bb1d8b2dbde293dc2db61b5beb29db.txt,0,0.7433333333333333,0.8683333333333333,0.29555555555555557,0.11,0.032511111111111116
validation,img-528_jpg.rf.c63149b7ef386bf6460eaa2554fec266.txt,0,0.5677777777777778,0.5066666666666667,0.6644444444444444,0.84,0.5581333333333333
validation,img-529_jpg.rf.395bedb53c0403cfb0f83578d822b6b8.txt,0,0.43,0.32666666666666666,0.22,0.17333333333333334,0.03813333333333333
validation,img-529_jpg.rf.395bedb53c0403cfb0f83578d822b6b8.txt,0,0.6911111111111111,0.38666666666666666,0.15555555555555556,0.13333333333333333,0.02074074074074074
validation,img-529_jpg.rf.395bedb53c0403cfb0f83578d822b6b8.txt,0,0.5255555555555556,0.735,0.14444444444444443,0.13666666666666666,0.01974074074074074
validation,img-529_jpg.rf.395bedb53c0403cfb0f83578d822b6b8.txt,0,0.8222222222222222,0.81,0.3511111111111111,0.37333333333333335,0.1310814814814815
validation,img-535_jpg.rf.669fb50bbde250434e606615f9a7a8fa.txt,0,0.5924276169265034,0.6416666666666667,0.3830734966592428,0.22333333333333333,0.08555308092056423
validation,img-535_jpg.rf.669fb50bbde250434e606615f9a7a8fa.txt,0,0.4821826280623608,0.4583333333333333,0.2873051224944321,0.13666666666666666,0.03926503340757238
validation,img-535_jpg.rf.669fb50bbde250434e606615f9a7a8fa.txt,0,0.3207126948775056,0.2783333333333333,0.11581291759465479,0.08333333333333333,0.009651076466221232
validation,img-535_jpg.rf.669fb50bbde250434e606615f9a7a8fa.txt,0,0.31403118040089084,0.175,0.0935412026726058,0.03666666666666667,0.0034298440979955457
validation,img-535_jpg.rf.669fb50bbde250434e606615f9a7a8fa.txt,0,0.31625835189309576,0.135,0.0757238307349666,0.03,0.0022717149220489977
validation,img-540_jpg.rf.ae97ce521cfe27b4be4048ce3639006f.txt,0,0.45111111111111113,0.2816666666666667,0.10222222222222223,0.07,0.0071555555555555565
validation,img-540_jpg.rf.ae97ce521cfe27b4be4048ce3639006f.txt,0,0.5833333333333334,0.74,0.3933333333333333,0.5066666666666667,0.1992888888888889
validation,img-541_jpg.rf.a93d4341d13182b1ba189ce4caac5b95.txt,0,0.6022222222222222,0.73,0.4622222222222222,0.5333333333333333,0.2465185185185185
validation,img-542_jpg.rf.77644450590746c96376f073e2160d29.txt,0,0.36757425742574257,0.09333333333333334,0.29455445544554454,0.18666666666666668,0.054983498349834986
validation,img-542_jpg.rf.77644450590746c96376f073e2160d29.txt,0,0.4962871287128713,0.5433333333333333,0.9925742574257426,0.74,0.7345049504950495
validation,img-543_jpg.rf.38f8a9ae642555e814236470bd45ca06.txt,0,0.5375,0.36,0.3861111111111111,0.16,0.06177777777777778
validation,img-543_jpg.rf.38f8a9ae642555e814236470bd45ca06.txt,0,0.3402777777777778,0.5633333333333334,0.20277777777777778,0.5666666666666667,0.1149074074074074
validation,img-544_jpg.rf.1696075b72562916060477389b97635d.txt,0,0.55625,0.6983333333333334,0.5925,0.31,0.183675
validation,img-544_jpg.rf.1696075b72562916060477389b97635d.txt,0,0.64375,0.5466666666666666,0.1925,0.08,0.0154
validation,img-550_jpg.rf.73963e09241885e0b95e88ea797011c9.txt,0,0.4125,0.5133333333333333,0.28,0.18,0.0504
validation,img-550_jpg.rf.73963e09241885e0b95e88ea797011c9.txt,0,0.18625,0.5383333333333333,0.1725,0.18333333333333332,0.03162499999999999
validation,img-550_jpg.rf.73963e09241885e0b95e88ea797011c9.txt,0,0.10625,0.7566666666666667,0.1325,0.12,0.0159
validation,img-550_jpg.rf.73963e09241885e0b95e88ea797011c9.txt,0,0.81875,0.305,0.1975,0.11666666666666667,0.02304166666666667
validation,img-550_jpg.rf.73963e09241885e0b95e88ea797011c9.txt,0,0.755,0.4683333333333333,0.215,0.15,0.03225
validation,img-550_jpg.rf.73963e09241885e0b95e88ea797011c9.txt,0,0.78625,0.65,0.2325,0.17333333333333334,0.0403
validation,img-550_jpg.rf.73963e09241885e0b95e88ea797011c9.txt,0,0.73,0.9733333333333334,0.13,0.04666666666666667,0.006066666666666667
validation,img-556_jpg.rf.1c89285dfe3675fd0e4a7958c48a7a87.txt,0,0.30125,0.38,0.0825,0.06,0.00495
validation,img-556_jpg.rf.1c89285dfe3675fd0e4a7958c48a7a87.txt,0,0.54625,0.5716666666666667,0.3425,0.14333333333333334,0.04909166666666667
validation,img-556_jpg.rf.1c89285dfe3675fd0e4a7958c48a7a87.txt,0,0.27875,0.26166666666666666,0.0775,0.016666666666666666,0.0012916666666666667
validation,img-558_jpg.rf.8ea5bd335e315b5c35f3f933216a2fe8.txt,0,0.44125,0.5633333333333334,0.4275,0.15333333333333332,0.06555
validation,img-558_jpg.rf.8ea5bd335e315b5c35f3f933216a2fe8.txt,0,0.50625,0.4666666666666667,0.1275,0.06,0.00765
validation,img-558_jpg.rf.8ea5bd335e315b5c35f3f933216a2fe8.txt,0,0.70125,0.5,0.0575,0.04,0.0023
validation,img-567_jpg.rf.7fcd2254ecf1d37fbfd8d8d4c83fcc90.txt,0,0.5255555555555556,0.5233333333333333,0.7355555555555555,0.74,0.5443111111111111
validation,img-586_jpg.rf.c599e62337598393ee94ecae83a5328a.txt,0,0.49375,0.4633333333333333,0.9875,0.7466666666666667,0.7373333333333334
validation,img-591_jpg.rf.fa268af30a7118608f2149617dd18a96.txt,0,0.4583333333333333,0.43666666666666665,0.4425925925925926,0.22,0.09737037037037037
validation,img-591_jpg.rf.fa268af30a7118608f2149617dd18a96.txt,0,0.487962962962963,0.7883333333333333,0.6722222222222223,0.37666666666666665,0.2532037037037037
validation,img-596_jpg.rf.9b1ad14e1432c973fe3224c2ef8794c3.txt,0,0.4988888888888889,0.5666666666666667,0.9977777777777778,0.7266666666666667,0.7250518518518518
validation,img-597_jpg.rf.4ed3cb021048833cff70c9a21abfece2.txt,0,0.49,0.7233333333333334,0.26,0.17333333333333334,0.04506666666666667
validation,img-597_jpg.rf.4ed3cb021048833cff70c9a21abfece2.txt,0,0.5088888888888888,0.9683333333333334,0.09777777777777778,0.056666666666666664,0.005540740740740741
validation,img-598_jpg.rf.ba92e243f003cf5d3b7951504dc21c8e.txt,0,0.08724202626641651,0.465,0.09568480300187618,0.07,0.006697936210131333
validation,img-598_jpg.rf.ba92e243f003cf5d3b7951504dc21c8e.txt,0,0.48592870544090055,0.5916666666666667,0.150093808630394,0.11,0.01651031894934334
validation,img-598_jpg.rf.ba92e243f003cf5d3b7951504dc21c8e.txt,0,0.549718574108818,0.23166666666666666,0.07129455909943715,0.043333333333333335,0.003089430894308943
validation,img-598_jpg.rf.ba92e243f003cf5d3b7951504dc21c8e.txt,0,0.46716697936210133,0.195,0.1350844277673546,0.056666666666666664,0.007654784240150094
validation,img-598_jpg.rf.ba92e243f003cf5d3b7951504dc21c8e.txt,0,0.9362101313320825,0.815,0.10881801125703565,0.36333333333333334,0.03953721075672295
validation,img-601_jpg.rf.b388f8e7847e536a8d0b4bebf76f2f58.txt,0,0.43444444444444447,0.6116666666666667,0.3488888888888889,0.14333333333333334,0.05000740740740742
validation,img-601_jpg.rf.b388f8e7847e536a8d0b4bebf76f2f58.txt,0,0.5966666666666667,0.33,0.6911111111111111,0.16,0.11057777777777777
validation,img-603_jpg.rf.e1f5bc76f3b1f37d4436652525cd776f.txt,0,0.49833333333333335,0.4606003752345216,0.9966666666666667,0.44090056285178236,0.4394308943089431
validation,img-604_jpg.rf.becbd4b220417ce4d19186e23c348c41.txt,0,0.7258426966292135,0.61,0.2292134831460674,0.16,0.036674157303370786
validation,img-604_jpg.rf.becbd4b220417ce4d19186e23c348c41.txt,0,0.6887640449438203,0.475,0.23595505617977527,0.10333333333333333,0.02438202247191011
validation,img-604_jpg.rf.becbd4b220417ce4d19186e23c348c41.txt,0,0.41460674157303373,0.3983333333333333,0.08764044943820225,0.05,0.004382022471910113
validation,img-604_jpg.rf.becbd4b220417ce4d19186e23c348c41.txt,0,0.1707865168539326,0.52,0.3415730337078652,0.13333333333333333,0.04554307116104869
validation,img-604_jpg.rf.becbd4b220417ce4d19186e23c348c41.txt,0,0.2303370786516854,0.36833333333333335,0.14606741573033707,0.03666666666666667,0.005355805243445692
validation,img-604_jpg.rf.becbd4b220417ce4d19186e23c348c41.txt,0,0.04943820224719101,0.385,0.09887640449438202,0.03,0.0029662921348314604
validation,img-604_jpg.rf.becbd4b220417ce4d19186e23c348c41.txt,0,0.048314606741573035,0.35,0.09662921348314607,0.03333333333333333,0.0032209737827715358
validation,img-604_jpg.rf.becbd4b220417ce4d19186e23c348c41.txt,0,0.19213483146067414,0.32166666666666666,0.08764044943820225,0.023333333333333334,0.0020449438202247193
validation,img-604_jpg.rf.becbd4b220417ce4d19186e23c348c41.txt,0,0.35168539325842696,0.8483333333333334,0.7033707865168539,0.2966666666666667,0.20866666666666667
validation,img-60_jpg.rf.ab6e2152eae420b9d6ed72067c2d2de4.txt,0,0.5201388888888889,0.475,0.1875,0.16944444444444445,0.03177083333333333
validation,img-60_jpg.rf.ab6e2152eae420b9d6ed72067c2d2de4.txt,0,0.5513888888888889,0.6215277777777778,0.09444444444444444,0.0625,0.005902777777777778
validation,img-611_jpg.rf.b81a7dd560243d748bf81779d88578db.txt,0,0.5045766590389016,0.48333333333333334,0.7986270022883295,0.31333333333333335,0.25023646071700995
validation,img-615_jpg.rf.c957d1dcba988649c6eabf98bae75a26.txt,0,0.39094650205761317,0.4483333333333333,0.6872427983539094,0.4166666666666667,0.28635116598079563
validation,img-629_jpg.rf.fa98ba6e30797471aef7a9b74612cae4.txt,0,0.4625,0.43,0.465,0.49333333333333335,0.22940000000000002
validation,img-635_jpg.rf.d927a354594cf6149884c5be3e1823b4.txt,0,0.49833333333333335,0.5383333333333333,0.9966666666666667,0.5166666666666667,0.5149444444444445
validation,img-643_jpg.rf.1a2296e4ddd593550e1d0d142a1a5ea1.txt,0,0.60375,0.6366666666666667,0.3625,0.15333333333333332,0.055583333333333325
validation,img-648_jpg.rf.d2a3c4bc4ed7c6677d3c2e333f800fdc.txt,0,0.47152777777777777,0.9229323308270677,0.21805555555555556,0.11654135338345864,0.025412489557226397
validation,img-648_jpg.rf.d2a3c4bc4ed7c6677d3c2e333f800fdc.txt,0,0.2652777777777778,0.8421052631578947,0.13333333333333333,0.09022556390977443,0.012030075187969924
validation,img-648_jpg.rf.d2a3c4bc4ed7c6677d3c2e333f800fdc.txt,0,0.4236111111111111,0.7763157894736842,0.21666666666666667,0.05639097744360902,0.012218045112781954
validation,img-648_jpg.rf.d2a3c4bc4ed7c6677d3c2e333f800fdc.txt,0,0.5368055555555555,0.6973684210526315,0.1125,0.04887218045112782,0.00549812030075188
validation,img-648_jpg.rf.d2a3c4bc4ed7c6677d3c2e333f800fdc.txt,0,0.38125,0.5883458646616542,0.0875,0.03383458646616541,0.0029605263157894733
validation,img-648_jpg.rf.d2a3c4bc4ed7c6677d3c2e333f800fdc.txt,0,0.06041666666666667,0.8270676691729323,0.12083333333333333,0.20300751879699247,0.024530075187969923
validation,img-648_jpg.rf.d2a3c4bc4ed7c6677d3c2e333f800fdc.txt,0,0.25972222222222224,0.5018796992481203,0.08055555555555556,0.04887218045112782,0.0039369256474519635
validation,img-648_jpg.rf.d2a3c4bc4ed7c6677d3c2e333f800fdc.txt,0,0.4875,0.48120300751879697,0.07222222222222222,0.03759398496240601,0.002715121136173767
validation,img-648_jpg.rf.d2a3c4bc4ed7c6677d3c2e333f800fdc.txt,0,0.7409722222222223,0.7593984962406015,0.0625,0.045112781954887216,0.002819548872180451
validation,img-648_jpg.rf.d2a3c4bc4ed7c6677d3c2e333f800fdc.txt,0,0.7256944444444444,0.6616541353383458,0.0625,0.03759398496240601,0.002349624060150376
validation,img-648_jpg.rf.d2a3c4bc4ed7c6677d3c2e333f800fdc.txt,0,0.675,0.6127819548872181,0.07777777777777778,0.045112781954887216,0.0035087719298245615
validation,img-648_jpg.rf.d2a3c4bc4ed7c6677d3c2e333f800fdc.txt,0,0.8875,0.9323308270676691,0.2222222222222222,0.12781954887218044,0.028404344193817876
validation,img-650_jpg.rf.e88805e59a7f1cc913add78a3fbc5021.txt,0,0.5436781609195402,0.6816666666666666,0.14482758620689656,0.08333333333333333,0.01206896551724138
validation,img-650_jpg.rf.e88805e59a7f1cc913add78a3fbc5021.txt,0,0.40344827586206894,0.78,0.1724137931034483,0.15333333333333332,0.026436781609195402
validation,img-651_jpg.rf.9d23181946069eea42305c4169bc983a.txt,0,0.54,0.55,0.445,0.32,0.1424
validation,img-656_jpg.rf.493ebfd54572f357930a938084268c89.txt,0,0.5133333333333333,0.5590909090909091,0.5266666666666666,0.21818181818181817,0.11490909090909089
validation,img-656_jpg.rf.493ebfd54572f357930a938084268c89.txt,0,0.5233333333333333,0.12272727272727273,0.08666666666666667,0.013636363636363636,0.0011818181818181819
validation,img-658_jpg.rf.285e10fe9cbc54d706df8bcc035af5b5.txt,0,0.8416666666666667,0.49875,0.19666666666666666,0.1275,0.025075
validation,img-658_jpg.rf.285e10fe9cbc54d706df8bcc035af5b5.txt,0,0.36,0.4425,0.14,0.05,0.007000000000000001
validation,img-658_jpg.rf.285e10fe9cbc54d706df8bcc035af5b5.txt,0,0.48833333333333334,0.69,0.5433333333333333,0.185,0.10051666666666667
validation,img-658_jpg.rf.285e10fe9cbc54d706df8bcc035af5b5.txt,0,0.5266666666666666,0.17875,0.15333333333333332,0.0475,0.007283333333333333
validation,img-67_jpg.rf.d56a42fb8a3d344cca532389685a17d3.txt,0,0.3729166666666667,0.50625,0.30416666666666664,0.23194444444444445,0.07054976851851852
validation,img-67_jpg.rf.d56a42fb8a3d344cca532389685a17d3.txt,0,0.7395833333333334,0.33819444444444446,0.24583333333333332,0.20972222222222223,0.051556712962962964
validation,img-67_jpg.rf.d56a42fb8a3d344cca532389685a17d3.txt,0,0.8715277777777778,0.03194444444444444,0.2125,0.06388888888888888,0.013576388888888888
validation,img-69_jpg.rf.5f71daebea71c55717d8ce7f923ba9b6.txt,0,0.5340277777777778,0.5326388888888889,0.15416666666666667,0.14583333333333334,0.022482638888888892
validation,img-69_jpg.rf.5f71daebea71c55717d8ce7f923ba9b6.txt,0,0.29375,0.09583333333333334,0.1625,0.09722222222222222,0.01579861111111111
validation,img-77_jpg.rf.34415fbad0c24da0e8f26f852895571b.txt,0,0.4597222222222222,0.575,0.20833333333333334,0.15555555555555556,0.03240740740740741
validation,img-77_jpg.rf.34415fbad0c24da0e8f26f852895571b.txt,0,0.35625,0.46319444444444446,0.2652777777777778,0.21805555555555556,0.057845293209876546
validation,img-77_jpg.rf.34415fbad0c24da0e8f26f852895571b.txt,0,0.4027777777777778,0.043055555555555555,0.10555555555555556,0.04722222222222222,0.0049845679012345675
validation,img-77_jpg.rf.34415fbad0c24da0e8f26f852895571b.txt,0,0.825,0.7423611111111111,0.3472222222222222,0.5125,0.17795138888888887
validation,img-7_jpg.rf.9eb7df0def00c9b67f311458e677ea64.txt,0,0.4513888888888889,0.3951388888888889,0.5166666666666667,0.24305555555555555,0.12557870370370372
validation,img-89_jpg.rf.4cc9eb15fe4de48faa685770d8299408.txt,0,0.46111111111111114,0.44027777777777777,0.2916666666666667,0.19166666666666668,0.05590277777777779
validation,img-89_jpg.rf.4cc9eb15fe4de48faa685770d8299408.txt,0,0.8465277777777778,0.7041666666666667,0.10416666666666667,0.11666666666666667,0.012152777777777778
validation,img-8_jpg.rf.1476b59188eb2734b6729af69f5cb4dc.txt,0,0.40347222222222223,0.5263888888888889,0.2652777777777778,0.19166666666666668,0.05084490740740741
validation,img-8_jpg.rf.1476b59188eb2734b6729af69f5cb4dc.txt,0,0.6104166666666667,0.4597222222222222,0.1597222222222222,0.1638888888888889,0.026176697530864195
validation,img-91_jpg.rf.1eba3ec5933f74ea41d434550d5cb3ca.txt,0,0.4722222222222222,0.5097222222222222,0.125,0.14722222222222223,0.01840277777777778
validation,img-92_jpg.rf.84aa5ec68c57d302a51b8b0938e4e1c7.txt,0,0.48125,0.5347222222222222,0.49027777777777776,0.2972222222222222,0.14572145061728395
validation,img-93_jpg.rf.7dc83bef4593a070f4cea15ebec8a527.txt,0,0.09652777777777778,0.10347222222222222,0.19027777777777777,0.10694444444444444,0.0203491512345679
validation,img-93_jpg.rf.7dc83bef4593a070f4cea15ebec8a527.txt,0,0.09722222222222222,0.2777777777777778,0.19444444444444445,0.16666666666666666,0.032407407407407406
validation,img-93_jpg.rf.7dc83bef4593a070f4cea15ebec8a527.txt,0,0.44375,0.5180555555555556,0.4513888888888889,0.25,0.11284722222222222
validation,img-94_jpg.rf.26ce6c0878886e2b49b0191cf4f952bb.txt,0,0.47708333333333336,0.50625,0.45694444444444443,0.16805555555555557,0.07679205246913581
test,img-105_jpg.rf.3fe9dff3d1631e79ecb480ff403bcb86.txt,0,0.5104166666666666,0.48819444444444443,0.20972222222222223,0.15694444444444444,0.032914737654320986
test,img-105_jpg.rf.3fe9dff3d1631e79ecb480ff403bcb86.txt,0,0.4409722222222222,0.6534722222222222,0.059722222222222225,0.05138888888888889,0.003069058641975309
test,img-107_jpg.rf.2e40485785f6e5e2efec404301b235c2.txt,0,0.475,0.5159722222222223,0.3138888888888889,0.24027777777777778,0.07542052469135803
test,img-146_jpg.rf.61be25b3053a51f622a244980545df2b.txt,0,0.4097222222222222,0.4666666666666667,0.3972222222222222,0.23333333333333334,0.09268518518518518
test,img-161_jpg.rf.211541e7178a4a93ec0680f26b905427.txt,0,0.48541666666666666,0.4652777777777778,0.19305555555555556,0.13055555555555556,0.025204475308641977
test,img-168_jpg.rf.af3590e07b06b43e91fa53990ff94af3.txt,0,0.4965277777777778,0.42916666666666664,0.3236111111111111,0.13333333333333333,0.04314814814814815
test,img-168_jpg.rf.af3590e07b06b43e91fa53990ff94af3.txt,0,0.15486111111111112,0.16111111111111112,0.09305555555555556,0.06111111111111111,0.005686728395061728
test,img-179_jpg.rf.8632eb0d9b75fefe144829e67b75015a.txt,0,0.5208333333333334,0.4965277777777778,0.225,0.30416666666666664,0.0684375
test,img-179_jpg.rf.8632eb0d9b75fefe144829e67b75015a.txt,0,0.34930555555555554,0.41805555555555557,0.13194444444444445,0.225,0.029687500000000002
test,img-179_jpg.rf.8632eb0d9b75fefe144829e67b75015a.txt,0,0.21319444444444444,0.425,0.16805555555555557,0.18888888888888888,0.03174382716049383
test,img-179_jpg.rf.8632eb0d9b75fefe144829e67b75015a.txt,0,0.4534722222222222,0.11458333333333333,0.1486111111111111,0.15694444444444444,0.02332368827160494
test,img-179_jpg.rf.8632eb0d9b75fefe144829e67b75015a.txt,0,0.8638888888888889,0.12708333333333333,0.1388888888888889,0.09305555555555556,0.012924382716049383
test,img-195_jpg.rf.f77a8f4d432a9a89235168ff8e09a650.txt,0,0.27152777777777776,0.25277777777777777,0.22083333333333333,0.1,0.022083333333333333
test,img-195_jpg.rf.f77a8f4d432a9a89235168ff8e09a650.txt,0,0.4284722222222222,0.5173611111111112,0.3541666666666667,0.2986111111111111,0.10575810185185186
test,img-196_jpg.rf.c1e105382a0bb8d329959cea45173cdf.txt,0,0.5291666666666667,0.4965277777777778,0.3,0.1597222222222222,0.04791666666666666
test,img-196_jpg.rf.c1e105382a0bb8d329959cea45173cdf.txt,0,0.6965277777777777,0.30277777777777776,0.09027777777777778,0.05277777777777778,0.00476466049382716
test,img-196_jpg.rf.c1e105382a0bb8d329959cea45173cdf.txt,0,0.5284722222222222,0.36944444444444446,0.22361111111111112,0.10555555555555556,0.023603395061728396
test,img-217_jpg.rf.20e267cdb167c43140e67ec9f5328040.txt,0,0.55625,0.5979166666666667,0.13194444444444445,0.14305555555555555,0.018875385802469134
test,img-217_jpg.rf.20e267cdb167c43140e67ec9f5328040.txt,0,0.45069444444444445,0.7881944444444444,0.11805555555555555,0.10416666666666667,0.012297453703703705
test,img-238_jpg.rf.f146df7999e374dbeaba65f92c518159.txt,0,0.47291666666666665,0.5166666666666667,0.38472222222222224,0.17222222222222222,0.06625771604938271
test,img-23_jpg.rf.e6aa0daf83e72ccbf1ea10eb6a6ab3bd.txt,0,0.5416666666666666,0.35625,0.6,0.20694444444444443,0.12416666666666665
test,img-23_jpg.rf.e6aa0daf83e72ccbf1ea10eb6a6ab3bd.txt,0,0.2,0.2513888888888889,0.075,0.03611111111111111,0.002708333333333333
test,img-23_jpg.rf.e6aa0daf83e72ccbf1ea10eb6a6ab3bd.txt,0,0.04583333333333333,0.043055555555555555,0.09166666666666666,0.05555555555555555,0.005092592592592592
test,img-23_jpg.rf.e6aa0daf83e72ccbf1ea10eb6a6ab3bd.txt,0,0.35694444444444445,0.875,0.2361111111111111,0.2222222222222222,0.05246913580246913
test,img-23_jpg.rf.e6aa0daf83e72ccbf1ea10eb6a6ab3bd.txt,0,0.5034722222222222,0.22569444444444445,0.22083333333333333,0.07083333333333333,0.01564236111111111
test,img-245_jpg.rf.1c9b49a366bda1cf64dbfac2a946cd38.txt,0,0.4534722222222222,0.4888888888888889,0.2263888888888889,0.16111111111111112,0.036473765432098765
test,img-245_jpg.rf.1c9b49a366bda1cf64dbfac2a946cd38.txt,0,0.5701388888888889,0.36875,0.14305555555555555,0.12361111111111112,0.017683256172839504
test,img-264_jpg.rf.a98f3f39b1afdea9ce3155bbe107c6c1.txt,0,0.49027777777777776,0.3861111111111111,0.3972222222222222,0.25833333333333336,0.10261574074074074
test,img-269_jpg.rf.f51d9eb8d02a34ac01d4a486cbfbdd4f.txt,0,0.4597222222222222,0.525,0.15,0.15555555555555556,0.023333333333333334
test,img-269_jpg.rf.f51d9eb8d02a34ac01d4a486cbfbdd4f.txt,0,0.8756944444444444,0.7277777777777777,0.08194444444444444,0.07777777777777778,0.006373456790123457
test,img-276_jpg.rf.acc167b63d79ab3b99fd64b4109f86d4.txt,0,0.5201388888888889,0.5472222222222223,0.30416666666666664,0.24444444444444444,0.07435185185185185
test,img-282_jpg.rf.a0ac2a228cf0edb961017e538356b5af.txt,0,0.4625,0.4041666666666667,0.21666666666666667,0.18888888888888888,0.04092592592592593
test,img-282_jpg.rf.a0ac2a228cf0edb961017e538356b5af.txt,0,0.2826388888888889,0.6090277777777777,0.12361111111111112,0.12083333333333333,0.014936342592592593
test,img-294_jpg.rf.a16953e9091e3eecfc338ed3044ef294.txt,0,0.7294007490636704,0.9033333333333333,0.14794007490636704,0.13333333333333333,0.019725343320848937
test,img-294_jpg.rf.a16953e9091e3eecfc338ed3044ef294.txt,0,0.5243445692883895,0.82,0.06741573033707865,0.06,0.0040449438202247185
test,img-294_jpg.rf.a16953e9091e3eecfc338ed3044ef294.txt,0,0.3801498127340824,0.6516666666666666,0.0299625468164794,0.03666666666666667,0.0010986267166042448
test,img-294_jpg.rf.a16953e9091e3eecfc338ed3044ef294.txt,0,0.3389513108614232,0.6566666666666666,0.0299625468164794,0.02666666666666667,0.0007990012484394508
test,img-300_jpg.rf.6b7b035dff1cda092ce3dc22be8d0135.txt,0,0.4533333333333333,0.5466666666666666,0.7666666666666667,0.14,0.10733333333333335
test,img-300_jpg.rf.6b7b035dff1cda092ce3dc22be8d0135.txt,0,0.245,0.3983333333333333,0.48333333333333334,0.056666666666666664,0.027388888888888886
test,img-300_jpg.rf.6b7b035dff1cda092ce3dc22be8d0135.txt,0,0.415,0.2916666666666667,0.21,0.05,0.0105
test,img-300_jpg.rf.6b7b035dff1cda092ce3dc22be8d0135.txt,0,0.49833333333333335,0.795,0.9966666666666667,0.31666666666666665,0.3156111111111111
test,img-307_jpg.rf.65a7065124972969c3efbbca04122668.txt,0,0.5455341506129597,0.465,0.404553415061296,0.8833333333333333,0.3573555166374781
test,img-308_jpg.rf.454dbf8eb0253ddef84789d3e67290c5.txt,0,0.58875,0.5833333333333334,0.2325,0.16666666666666666,0.03875
test,img-334_jpg.rf.967014f8076ad78a0828aa4cb9014da2.txt,0,0.3376865671641791,0.22666666666666666,0.291044776119403,0.2,0.0582089552238806
test,img-334_jpg.rf.967014f8076ad78a0828aa4cb9014da2.txt,0,0.8125,0.10833333333333334,0.125,0.08333333333333333,0.010416666666666666
test,img-334_jpg.rf.967014f8076ad78a0828aa4cb9014da2.txt,0,0.8843283582089553,0.17833333333333334,0.10820895522388059,0.056666666666666664,0.0061318407960199
test,img-334_jpg.rf.967014f8076ad78a0828aa4cb9014da2.txt,0,0.6194029850746269,0.7316666666666667,0.5335820895522388,0.53,0.2827985074626866
test,img-336_jpg.rf.eeafb6921ceff278aa8e24afe9f78f8a.txt,0,0.59,0.27915632754342434,0.22666666666666666,0.07692307692307693,0.017435897435897435
test,img-336_jpg.rf.eeafb6921ceff278aa8e24afe9f78f8a.txt,0,0.385,0.3399503722084367,0.17666666666666667,0.03970223325062035,0.007014061207609595
test,img-336_jpg.rf.eeafb6921ceff278aa8e24afe9f78f8a.txt,0,0.6033333333333334,0.6166253101736973,0.7866666666666666,0.4143920595533499,0.32598842018196855
test,img-337_jpg.rf.aee9516f4db8d93d1fcf7071196974f9.txt,0,0.5155601659751037,0.44666666666666666,0.4004149377593361,0.2866666666666667,0.1147856154910097
test,img-343_jpg.rf.64b8e5ed7aa9153427c52de5812b3ab2.txt,0,0.49907407407407406,0.7283333333333334,0.9981481481481481,0.5366666666666666,0.5356728395061727
test,img-344_jpg.rf.dd4eebb8836b8efe2a2cce77d61349b7.txt,0,0.6403118040089086,0.24333333333333335,0.19821826280623608,0.06,0.011893095768374164
test,img-344_jpg.rf.dd4eebb8836b8efe2a2cce77d61349b7.txt,0,0.7483296213808464,0.018333333333333333,0.16481069042316257,0.03666666666666667,0.006043058648849294
test,img-344_jpg.rf.dd4eebb8836b8efe2a2cce77d61349b7.txt,0,0.41202672605790647,0.4716666666666667,0.20044543429844097,0.12333333333333334,0.024721603563474387
test,img-344_jpg.rf.dd4eebb8836b8efe2a2cce77d61349b7.txt,0,0.4131403118040089,0.6016666666666667,0.3051224944320713,0.13666666666666666,0.04170007423904974
test,img-344_jpg.rf.dd4eebb8836b8efe2a2cce77d61349b7.txt,0,0.5244988864142539,0.785,0.31403118040089084,0.19666666666666666,0.06175946547884186
test,img-350_jpg.rf.643e7315948dd95c0787f6dc5c938ff3.txt,0,0.24778761061946902,0.42333333333333334,0.14601769911504425,0.04666666666666667,0.006814159292035399
test,img-350_jpg.rf.643e7315948dd95c0787f6dc5c938ff3.txt,0,0.46349557522123896,0.35,0.17035398230088494,0.04,0.006814159292035398
test,img-350_jpg.rf.643e7315948dd95c0787f6dc5c938ff3.txt,0,0.42146017699115046,0.7283333333333334,0.5420353982300885,0.5366666666666666,0.29089233038348083
test,img-350_jpg.rf.643e7315948dd95c0787f6dc5c938ff3.txt,0,0.6438053097345132,0.4216666666666667,0.39823008849557523,0.11,0.04380530973451328
test,img-350_jpg.rf.643e7315948dd95c0787f6dc5c938ff3.txt,0,0.5608407079646017,0.3433333333333333,0.1747787610619469,0.06666666666666667,0.011651917404129793
test,img-362_jpg.rf.6363ec1a7603671afb1887d9f16c03e7.txt,0,0.4708333333333333,0.8416666666666667,0.24166666666666667,0.09666666666666666,0.02336111111111111
test,img-362_jpg.rf.6363ec1a7603671afb1887d9f16c03e7.txt,0,0.2625,0.7666666666666667,0.3125,0.09333333333333334,0.029166666666666667
test,img-364_jpg.rf.e385283baa4507e9b6a79c9e92c4b453.txt,0,0.47671840354767187,0.8233333333333334,0.49667405764966743,0.3466666666666667,0.17218033998521806
test,img-36_jpg.rf.47f0fb502327ec69d5a041581727a149.txt,0,0.4673611111111111,0.5826388888888889,0.22083333333333333,0.2375,0.052447916666666664
test,img-370_jpg.rf.05c61289bcb823fd9234f20448a9ff3a.txt,0,0.3647482014388489,0.8266666666666667,0.260431654676259,0.26666666666666666,0.0694484412470024
test,img-371_jpg.rf.a893e0bdc6fda0ba1b2a7f07d56cec23.txt,0,0.6675,0.31333333333333335,0.15166666666666667,0.2866666666666667,0.04347777777777778
test,img-390_jpg.rf.3eeb4356ab769c112edf7f482110f8ee.txt,0,0.5083333333333333,0.445,0.6233333333333333,0.745,0.4643833333333333
test,img-394_jpg.rf.2182e193f33ed5bcce45df7df27032f7.txt,0,0.15333333333333332,0.6383333333333333,0.30666666666666664,0.2833333333333333,0.08688888888888888
test,img-394_jpg.rf.2182e193f33ed5bcce45df7df27032f7.txt,0,0.6244444444444445,0.23,0.6711111111111111,0.4533333333333333,0.30423703703703703
test,img-397_jpg.rf.a566bd12530cf6093cd6329a2b4c9e7d.txt,0,0.6876172607879925,0.865,0.11444652908067542,0.08333333333333333,0.00953721075672295
test,img-397_jpg.rf.a566bd12530cf6093cd6329a2b4c9e7d.txt,0,0.42870544090056284,0.5233333333333333,0.19324577861163228,0.07333333333333333,0.014171357098186368
test,img-397_jpg.rf.a566bd12530cf6093cd6329a2b4c9e7d.txt,0,0.34709193245778613,0.43833333333333335,0.14634146341463414,0.09666666666666666,0.014146341463414633
test,img-398_jpg.rf.0c484369fdb23fdec1b9250477fc5d1d.txt,0,0.4649122807017544,0.5633333333333334,0.8421052631578947,0.8666666666666667,0.7298245614035087
test,img-410_jpg.rf.5f10f2bbde7900b5348aeaed6116b901.txt,0,0.61875,0.5383333333333333,0.4225,0.4766666666666667,0.20139166666666666
test,img-415_jpg.rf.2285ec32b9bdc584221e193dc135e3fd.txt,0,0.51125,0.5333333333333333,0.2775,0.15333333333333332,0.04255
test,img-415_jpg.rf.2285ec32b9bdc584221e193dc135e3fd.txt,0,0.3,0.29,0.185,0.06,0.011099999999999999
test,img-415_jpg.rf.2285ec32b9bdc584221e193dc135e3fd.txt,0,0.68,0.545,0.0,0.0033333333333333335,0.0
test,img-42_jpg.rf.532fb8eb05b1efc570c5e4165e614201.txt,0,0.6076388888888888,0.6,0.19583333333333333,0.13055555555555556,0.02556712962962963
test,img-42_jpg.rf.532fb8eb05b1efc570c5e4165e614201.txt,0,0.2951388888888889,0.44722222222222224,0.4791666666666667,0.16111111111111112,0.07719907407407409
test,img-430_jpg.rf.f23ac782ee062c81370384e3ea211b5d.txt,0,0.6585365853658537,0.8416666666666667,0.3237250554323725,0.15666666666666668,0.050716925351071696
test,img-430_jpg.rf.f23ac782ee062c81370384e3ea211b5d.txt,0,0.328159645232816,0.18666666666666668,0.09312638580931264,0.04,0.0037250554323725055
test,img-434_jpg.rf.9e48a92f792098919bba712a29b05065.txt,0,0.6488888888888888,0.7166666666666667,0.5155555555555555,0.41333333333333333,0.21309629629629628
test,img-43_jpg.rf.a63cf022f8ba7dbadc62c5d274547b79.txt,0,0.5555555555555556,0.2611111111111111,0.4,0.20555555555555555,0.08222222222222222
test,img-43_jpg.rf.a63cf022f8ba7dbadc62c5d274547b79.txt,0,0.3347222222222222,0.8215277777777777,0.2388888888888889,0.3541666666666667,0.08460648148148149
test,img-43_jpg.rf.a63cf022f8ba7dbadc62c5d274547b79.txt,0,0.03958333333333333,0.23055555555555557,0.07916666666666666,0.1111111111111111,0.008796296296296295
test,img-440_jpg.rf.4475e2f277c4b84b9d5ae3095916bffa.txt,0,0.5694183864915572,0.565,0.7936210131332082,0.8633333333333333,0.6851594746716697
test,img-449_jpg.rf.a88013566cf72d8e523b8517104983d1.txt,0,0.45152603231597843,0.24833333333333332,0.3105924596050269,0.31666666666666665,0.09835427887492518
test,img-449_jpg.rf.a88013566cf72d8e523b8517104983d1.txt,0,0.9084380610412927,0.23833333333333334,0.17953321364452424,0.19,0.03411131059245961
test,img-449_jpg.rf.a88013566cf72d8e523b8517104983d1.txt,0,0.8114901256732495,0.32666666666666666,0.08617594254937164,0.08666666666666667,0.007468581687612209
test,img-449_jpg.rf.a88013566cf72d8e523b8517104983d1.txt,0,0.5439856373429084,0.7216666666666667,0.800718132854578,0.55,0.44039497307001796
test,img-44_jpg.rf.c0be863d6030f5d0cb241331c14ee532.txt,0,0.5,0.4083333333333333,0.21666666666666667,0.13055555555555556,0.02828703703703704
test,img-44_jpg.rf.c0be863d6030f5d0cb241331c14ee532.txt,0,0.7236111111111111,0.30972222222222223,0.1361111111111111,0.06666666666666667,0.009074074074074073
test,img-452_jpg.rf.005f706e703f7518562fc3ec4df0543f.txt,0,0.4163907284768212,0.6533333333333333,0.6605960264900662,0.68,0.44920529801324505
test,img-461_jpg.rf.c8f397ea98b554fde90a8fa53d876fa0.txt,0,0.4956803455723542,0.8466666666666667,0.19654427645788336,0.18666666666666668,0.03668826493880489
test,img-463_jpg.rf.1873f1b5bff6ed336b03ff3dfabb69e4.txt,0,0.6162162162162163,0.765,0.7405405405405405,0.3566666666666667,0.2641261261261261
test,img-472_jpg.rf.d71e2cae627685f2ad46e4182bbfb68a.txt,0,0.41798418972332013,0.6866666666666666,0.658102766798419,0.4266666666666667,0.2807905138339921
test,img-477_jpg.rf.ac13626d46335c39852c19d1770abd10.txt,0,0.515,0.5416666666666666,0.35,0.23,0.0805
test,img-477_jpg.rf.ac13626d46335c39852c19d1770abd10.txt,0,0.50375,0.145,0.2225,0.08333333333333333,0.018541666666666665
test,img-477_jpg.rf.ac13626d46335c39852c19d1770abd10.txt,0,0.80125,0.8566666666666667,0.3125,0.2733333333333333,0.08541666666666667
test,img-47_jpg.rf.53aba5861cc3e2c2f7783276288b2b97.txt,0,0.48333333333333334,0.43333333333333335,0.3277777777777778,0.2,0.06555555555555556
test,img-486_jpg.rf.7469bae9d18a0cf9dd690fbbcde56298.txt,0,0.55,0.56,0.295,0.12,0.035399999999999994
test,img-486_jpg.rf.7469bae9d18a0cf9dd690fbbcde56298.txt,0,0.1625,0.5383333333333333,0.26,0.11,0.0286
test,img-486_jpg.rf.7469bae9d18a0cf9dd690fbbcde56298.txt,0,0.21875,0.67,0.1725,0.10666666666666667,0.0184
test,img-486_jpg.rf.7469bae9d18a0cf9dd690fbbcde56298.txt,0,0.16375,0.8116666666666666,0.1975,0.10333333333333333,0.020408333333333334
test,img-486_jpg.rf.7469bae9d18a0cf9dd690fbbcde56298.txt,0,0.61,0.76,0.31,0.22,0.0682
test,img-486_jpg.rf.7469bae9d18a0cf9dd690fbbcde56298.txt,0,0.33875,0.395,0.1325,0.03666666666666667,0.004858333333333333
test,img-501_jpg.rf.d2ea0e0d6091ce43d964d62e7ac02231.txt,0,0.2011111111111111,0.8316666666666667,0.2733333333333333,0.13666666666666666,0.03735555555555555
test,img-501_jpg.rf.d2ea0e0d6091ce43d964d62e7ac02231.txt,0,0.12666666666666668,0.7416666666666667,0.12444444444444444,0.06333333333333334,0.007881481481481482
test,img-501_jpg.rf.d2ea0e0d6091ce43d964d62e7ac02231.txt,0,0.75,0.8133333333333334,0.3888888888888889,0.12,0.04666666666666667
test,img-520_jpg.rf.ba86706dc4249198011497cafcb4a881.txt,0,0.44027777777777777,0.852589641434263,0.375,0.2788844621513944,0.1045816733067729
test,img-525_jpg.rf.31bb542f59dd1c64d4af0952f14c76e3.txt,0,0.39625,0.6216666666666667,0.4425,0.17666666666666667,0.078175
test,img-525_jpg.rf.31bb542f59dd1c64d4af0952f14c76e3.txt,0,0.15,0.925,0.16,0.11666666666666667,0.018666666666666668
test,img-525_jpg.rf.31bb542f59dd1c64d4af0952f14c76e3.txt,0,0.32,0.94,0.18,0.10666666666666667,0.019200000000000002
test,img-525_jpg.rf.31bb542f59dd1c64d4af0952f14c76e3.txt,0,0.71,0.3333333333333333,0.245,0.08,0.0196
test,img-536_jpg.rf.a0b5c2d9388b4cb55785d5fa9e198a5c.txt,0,0.4971857410881801,0.58,0.9943714821763602,0.8333333333333334,0.8286429018136335
test,img-576_jpg.rf.f6cd32a51b0c518b58ff750ecab687d1.txt,0,0.495,0.6716666666666666,0.975,0.41,0.39975
test,img-576_jpg.rf.f6cd32a51b0c518b58ff750ecab687d1.txt,0,0.59875,0.4066666666666667,0.2125,0.08,0.017
test,img-588_jpg.rf.a1673547626abed4ad61089fa41b0365.txt,0,0.6792260692464358,0.6433333333333333,0.38085539714867617,0.34,0.1294908350305499
test,img-590_jpg.rf.7ee475f30ca7858338589be9820a3978.txt,0,0.5290262172284644,0.715,0.7172284644194756,0.5633333333333334,0.4040387016229713
test,img-621_jpg.rf.9721804149e82d9ebc58f8d19a01d044.txt,0,0.7194719471947195,0.545,0.13861386138613863,0.12333333333333334,0.017095709570957098
test,img-621_jpg.rf.9721804149e82d9ebc58f8d19a01d044.txt,0,0.19636963696369636,0.265,0.35313531353135313,0.24333333333333335,0.08592959295929593
test,img-621_jpg.rf.9721804149e82d9ebc58f8d19a01d044.txt,0,0.07920792079207921,0.105,0.15841584158415842,0.05,0.007920792079207921
test,img-621_jpg.rf.9721804149e82d9ebc58f8d19a01d044.txt,0,0.5924092409240924,0.18666666666666668,0.22112211221122113,0.08,0.017689768976897693
test,img-621_jpg.rf.9721804149e82d9ebc58f8d19a01d044.txt,0,0.8399339933993399,0.25,0.2079207920792079,0.07333333333333333,0.015247524752475247
test,img-621_jpg.rf.9721804149e82d9ebc58f8d19a01d044.txt,0,0.07590759075907591,0.6283333333333333,0.13861386138613863,0.21,0.02910891089108911
test,img-631_jpg.rf.86bcf4f20ded917eb31426fe83043df3.txt,0,0.8860619469026548,0.18333333333333332,0.2234513274336283,0.2,0.04469026548672567
test,img-631_jpg.rf.86bcf4f20ded917eb31426fe83043df3.txt,0,0.28650442477876104,0.31833333333333336,0.20575221238938052,0.09666666666666666,0.01988938053097345
test,img-631_jpg.rf.86bcf4f20ded917eb31426fe83043df3.txt,0,0.5,0.645,0.995575221238938,0.6833333333333333,0.6803097345132744
test,img-634_jpg.rf.42d6e4ebdda859ab935130b75ae5808f.txt,0,0.5111111111111111,0.29,0.08444444444444445,0.08,0.006755555555555556
test,img-634_jpg.rf.42d6e4ebdda859ab935130b75ae5808f.txt,0,0.5866666666666667,0.21333333333333335,0.04888888888888889,0.05333333333333334,0.0026074074074074077
test,img-634_jpg.rf.42d6e4ebdda859ab935130b75ae5808f.txt,0,0.5766666666666667,0.42,0.07333333333333333,0.1,0.007333333333333334
test,img-634_jpg.rf.42d6e4ebdda859ab935130b75ae5808f.txt,0,0.4722222222222222,0.56,0.1,0.05333333333333334,0.005333333333333334
test,img-634_jpg.rf.42d6e4ebdda859ab935130b75ae5808f.txt,0,0.4955555555555556,0.515,0.07111111111111111,0.03,0.0021333333333333334
test,img-634_jpg.rf.42d6e4ebdda859ab935130b75ae5808f.txt,0,0.7366666666666667,0.62,0.05555555555555555,0.11333333333333333,0.0062962962962962955
test,img-634_jpg.rf.42d6e4ebdda859ab935130b75ae5808f.txt,0,0.7744444444444445,0.7816666666666666,0.08666666666666667,0.15,0.013
test,img-634_jpg.rf.42d6e4ebdda859ab935130b75ae5808f.txt,0,0.6977777777777778,0.41833333333333333,0.044444444444444446,0.07,0.0031111111111111114
test,img-634_jpg.rf.42d6e4ebdda859ab935130b75ae5808f.txt,0,0.6644444444444444,0.2866666666666667,0.057777777777777775,0.08,0.004622222222222222
test,img-634_jpg.rf.42d6e4ebdda859ab935130b75ae5808f.txt,0,0.47333333333333333,0.37833333333333335,0.04,0.03,0.0012
test,img-634_jpg.rf.42d6e4ebdda859ab935130b75ae5808f.txt,0,0.46444444444444444,0.41333333333333333,0.04,0.02,0.0008
test,img-634_jpg.rf.42d6e4ebdda859ab935130b75ae5808f.txt,0,0.49,0.345,0.028888888888888888,0.023333333333333334,0.0006740740740740741
test,img-634_jpg.rf.42d6e4ebdda859ab935130b75ae5808f.txt,0,0.5244444444444445,0.165,0.035555555555555556,0.023333333333333334,0.0008296296296296297
test,img-65_jpg.rf.9e22afc3c2cf318239352e43a97a7241.txt,0,0.5020833333333333,0.5965277777777778,0.3597222222222222,0.20416666666666666,0.07344328703703704
test,img-68_jpg.rf.c8886ded10d01454f789376e4234ae74.txt,0,0.6201388888888889,0.45625,0.3236111111111111,0.20694444444444443,0.06696952160493827
test,img-68_jpg.rf.c8886ded10d01454f789376e4234ae74.txt,0,0.4048611111111111,0.23958333333333334,0.24027777777777778,0.04861111111111111,0.01168016975308642
test,img-72_jpg.rf.02fb39f41fc685d8b616b0751976a8a3.txt,0,0.5215277777777778,0.4986111111111111,0.3236111111111111,0.20277777777777778,0.06562114197530865
test,img-79_jpg.rf.3b2198b179f00a052f569a6224172c8a.txt,0,0.4951388888888889,0.47430555555555554,0.6986111111111111,0.29583333333333334,0.20667245370370368
test,img-82_jpg.rf.851a545b1b004e7303844e4779d3272c.txt,0,0.47847222222222224,0.3993055555555556,0.3458333333333333,0.29583333333333334,0.10230902777777778
test,img-82_jpg.rf.851a545b1b004e7303844e4779d3272c.txt,0,0.6701388888888888,0.14166666666666666,0.08472222222222223,0.05,0.0042361111111111115
test,img-98_jpg.rf.667209472947ff4d519f65c6e206a7c3.txt,0,0.7555555555555555,0.09930555555555555,0.1111111111111111,0.07916666666666666,0.008796296296296295
test,img-98_jpg.rf.667209472947ff4d519f65c6e206a7c3.txt,0,0.5027777777777778,0.46319444444444446,0.35833333333333334,0.25416666666666665,0.09107638888888889
test,img-98_jpg.rf.667209472947ff4d519f65c6e206a7c3.txt,0,0.8784722222222222,0.46111111111111114,0.24027777777777778,0.16944444444444445,0.040713734567901234
test,img-98_jpg.rf.667209472947ff4d519f65c6e206a7c3.txt,0,0.9520833333333333,0.5298611111111111,0.09305555555555556,0.10416666666666667,0.009693287037037038
